# Blue Mosque (Sultan Ahmet Camii) extracted from Civ 7
v 13.6250 -23.7500 19.6250
v 13.8594 -23.7500 12.9531
v 13.4531 -23.3281 19.6250
v 13.4531 -24.1562 19.6250
v 13.6172 -23.1719 12.9531
v 13.6172 -24.3125 12.9531
v 13.0469 -22.9375 12.9531
v 13.0469 -24.5625 12.9531
v 13.0469 -23.1562 19.6250
v 12.6328 -23.3281 19.6250
v 12.4688 -23.1719 12.9531
v 13.0469 -24.3281 19.6250
v 12.6328 -24.1562 19.6250
v 12.4688 -24.3125 12.9531
v 12.2266 -23.7500 12.9531
v 12.4609 -23.7500 19.6250
v 12.6328 -23.3281 19.6250
v 12.4688 -23.1719 12.9531
v -12.6562 21.3906 4.8867
v -12.6562 21.3906 7.2578
v -12.6562 21.8594 7.2578
v -12.6562 21.8594 4.8867
v 0.7910 -27.4375 12.6641
v 0.0000 -27.5938 12.6641
v 0.0000 -27.5938 11.7891
v -0.7910 -27.4375 11.7891
v 0.7910 -27.4375 11.7891
v -0.7910 -27.4375 12.6641
v 1.4668 -26.9844 12.6641
v -1.4668 -26.9844 11.7891
v 1.4668 -26.9844 11.7891
v -1.4668 -26.9844 12.6641
v 1.9062 -26.3125 12.6641
v -1.9062 -26.3125 11.7891
v 1.9062 -26.3125 11.7891
v -1.9062 -26.3125 12.6641
v 2.0664 -25.5156 12.6641
v -2.0664 -25.5156 11.7891
v 2.0664 -25.5156 11.7891
v -2.0664 -25.5156 12.6641
v 1.9062 -24.7344 11.7891
v -1.9062 -24.7344 11.7891
v 1.9062 -24.7344 12.6641
v -1.9062 -24.7344 12.6641
v 1.4668 -24.0625 11.7891
v -1.4668 -24.0625 11.7891
v 1.4668 -24.0625 12.6641
v -1.4668 -24.0625 12.6641
v 0.7910 -23.6094 12.6641
v -0.7910 -23.6094 11.7891
v 0.7910 -23.6094 11.7891
v 0.0000 -23.4531 12.6641
v 0.0000 -23.4531 11.7891
v -0.7910 -23.6094 12.6641
v 0.0000 -23.4531 11.7891
v 0.0000 -23.4531 12.6641
v -9.6172 6.3594 14.9844
v -9.6172 4.4844 11.1797
v -9.6172 4.4844 14.9844
v -9.6172 6.3594 11.1797
v -8.0938 6.3594 15.2500
v -9.6172 6.3594 11.1797
v -9.6172 6.3594 14.9844
v -7.0469 6.3594 11.1797
v -7.5703 6.3594 15.8516
v -7.0469 6.3594 15.8516
v -7.0469 4.4844 11.1797
v -7.0469 4.4844 15.8516
v -7.5703 4.4844 15.8516
v -8.0938 4.4844 15.2500
v -9.6172 4.4844 11.1797
v -9.6172 4.4844 14.9844
v 11.0000 6.4805 11.5938
v 11.0000 4.3828 11.5938
v 11.0000 4.3828 9.5078
v 11.0000 6.4805 9.5078
v 11.0000 6.4805 9.5078
v 6.9023 6.4805 9.5078
v 11.0000 6.4805 11.5938
v 6.9023 6.4805 12.3516
v 11.0000 4.3828 11.5938
v 6.9023 4.3828 9.5078
v 11.0000 4.3828 9.5078
v 6.9023 4.3828 12.3516
v -6.8633 0.1936 11.5938
v -4.7617 0.1936 9.5078
v -4.7617 0.1936 11.5938
v -6.8633 0.1936 9.5078
v -6.8633 0.1936 11.5938
v -6.8633 4.2891 12.3516
v -6.8633 4.2891 9.5078
v -6.8633 0.1936 9.5078
v -4.7617 0.1936 11.5938
v -4.7617 4.2891 9.5078
v -4.7617 4.2891 12.3516
v -4.7617 0.1936 9.5078
v 12.6562 17.5781 9.0469
v 12.6562 19.3125 7.2578
v 12.6562 19.3125 9.0469
v 12.6562 17.5781 7.2578
v 12.6562 19.7969 8.2734
v 12.6562 19.7969 9.0469
v 12.6562 20.2812 8.6797
v 12.6562 20.2812 9.0469
v 12.6562 20.7656 9.0469
v 12.6562 20.7656 8.2734
v 12.6562 21.2500 9.0469
v 12.6562 21.2500 7.2578
v 12.6562 22.0625 9.0469
v 12.6562 22.0625 7.2578
v 12.6562 22.5312 8.1797
v 12.6562 22.5312 9.0469
v 12.6562 22.9844 8.5469
v 12.6562 22.9844 9.0469
v 12.6562 23.5000 9.0469
v 12.6562 23.5000 8.1797
v 12.6562 24.0000 9.0469
v 12.6562 24.0000 7.2578
v 12.6562 25.1094 7.2578
v 12.6562 25.1094 9.0469
v 12.6562 24.0000 4.8867
v 12.6562 25.1094 4.8828
v 12.6562 21.3906 2.9043
v 12.6562 21.3906 0.5327
v 12.6562 21.8594 2.9004
v 12.6562 21.8594 0.5298
v -12.6562 9.8594 9.0469
v -12.6562 10.3438 8.6797
v -12.6562 9.8594 8.2734
v -12.6562 10.3438 9.0469
v -12.6562 9.3750 9.0469
v -12.6562 10.9922 9.0469
v -12.6562 9.3750 7.2617
v -12.6562 10.9922 8.2734
v -12.6562 8.6641 9.0469
v -12.6562 11.3125 9.0469
v -12.6562 8.6641 7.2578
v -12.6562 11.3125 7.2578
v -12.6562 8.1953 8.1797
v -12.6562 12.1172 9.0469
v -12.6562 8.1953 9.0469
v -12.6562 12.1094 7.2539
v -12.6562 7.7305 8.5469
v -12.6562 12.5234 8.1797
v -12.6562 7.7305 9.0469
v -12.6562 12.5234 9.0469
v -12.6562 7.2227 9.0469
v -12.6562 13.0312 8.5469
v -12.6562 7.2227 8.1797
v -12.6562 13.0312 9.0469
v -12.6562 6.7148 9.0469
v -12.6562 13.6641 9.0469
v -12.6562 6.7031 7.2539
v -12.6562 13.6641 8.1797
v -12.6562 5.6133 9.0469
v -12.6562 13.9609 9.0469
v -12.6562 5.6133 7.2500
v -12.6562 6.7031 4.8867
v -12.6562 5.6133 4.8828
v -12.6562 13.9609 7.2578
v -12.6562 14.7812 7.2617
v -12.6562 14.7812 9.0469
v -12.6562 15.1562 8.2734
v -12.6562 15.1562 9.0469
v -12.6562 15.6406 8.6797
v -12.6562 15.6406 9.0469
v -12.6562 16.2969 9.0469
v -12.6562 16.2969 8.2734
v -12.6562 16.6094 9.0469
v -12.6562 16.6094 7.2656
v -12.6562 17.0625 7.2656
v -12.6562 17.0625 9.0469
v 2.7344 -1.8584 9.7344
v -2.7344 -1.8584 9.7344
v -2.7344 -1.8584 6.8281
v 2.7344 -1.8584 6.8281
v 2.2715 -18.7344 8.2109
v -2.2715 -18.7344 6.8359
v -2.2715 -18.7344 8.2109
v 2.2715 -18.7344 6.8359
v 2.2715 -23.4062 8.2109
v 2.2715 -18.7344 6.8359
v 2.2715 -18.7344 8.2109
v 2.2715 -23.4062 6.8359
v -2.2715 -18.7344 6.8359
v -2.2715 -23.4062 6.8359
v -2.2715 -18.7344 8.2109
v -2.2715 -23.4062 8.2109
v 13.0469 -22.8750 12.5859
v 13.5938 -23.1875 12.0781
v 13.0469 -22.9688 12.0781
v 13.0469 -22.9062 9.4297
v 12.4922 -23.1875 12.0781
v 12.4453 -23.1562 9.4297
v 12.4297 -23.1250 12.5859
v 13.6406 -23.1562 9.4297
v 13.0469 -22.6719 13.0000
v 12.2891 -22.9844 13.0000
v 13.6562 -23.1250 12.5859
v 13.7969 -22.9844 13.0000
v 13.8828 -23.7500 9.4297
v 14.1094 -23.7500 13.0000
v 13.8281 -23.7500 12.0781
v 13.9141 -23.7500 12.5859
v 13.5938 -24.2969 12.0781
v 13.6406 -24.3438 9.4297
v 13.6562 -24.3594 12.5859
v 13.7969 -24.5000 13.0000
v 13.0469 -24.5938 9.4297
v 13.0469 -24.8125 13.0000
v 13.0469 -24.5312 12.0781
v 13.0469 -24.6094 12.5859
v 12.4922 -24.2969 12.0781
v 12.4453 -24.3438 9.4297
v 12.4297 -24.3594 12.5859
v 12.2891 -24.5000 13.0000
v 12.2031 -23.7500 9.4297
v 11.9766 -23.7500 13.0000
v 12.2578 -23.7500 12.0781
v 12.4922 -23.1875 12.0781
v 12.4453 -23.1562 9.4297
v 12.1719 -23.7500 12.5859
v 12.4297 -23.1250 12.5859
v 12.2891 -22.9844 13.0000
v 11.7578 25.1094 6.9922
v 12.0938 25.1094 9.0234
v 12.1172 25.1094 6.2930
v 11.1328 25.1094 7.6953
v 10.4141 25.1094 7.9180
v 9.6250 25.1094 9.0312
v 9.6250 25.1094 8.0703
v 8.8359 25.1094 7.9141
v 7.1602 25.1094 9.0312
v 8.1094 25.1094 7.4727
v 7.4922 25.1094 6.7695
v 7.1328 25.1094 6.0664
v -14.6562 24.6719 7.4609
v -14.1875 24.2031 0.6416
v -14.1875 24.2031 7.4609
v -14.6562 24.6719 0.6416
v -13.9922 24.5312 8.9766
v -13.5391 24.0312 7.4609
v -13.5391 24.0312 0.6416
v -14.3203 24.8594 8.9766
v -13.5391 24.4062 8.9766
v -12.8984 24.2031 0.6416
v -13.0859 24.5312 8.9766
v -12.8984 24.2031 7.4609
v -12.4297 24.6719 7.4609
v -12.4297 24.6719 0.6416
v -12.7578 24.8594 8.9766
v -14.8281 25.3125 7.4609
v -14.4453 25.3125 8.9766
v -14.8281 25.3125 0.6416
v -14.3203 25.7656 8.9766
v -14.6562 25.9531 7.4609
v -14.6562 25.9531 0.6416
v -13.9922 26.0938 8.9766
v -14.1875 26.4219 0.6416
v -14.1875 26.4219 7.4609
v -13.5391 26.5938 0.6416
v -13.5391 26.5938 7.4609
v -13.5391 26.2188 8.9766
v -13.0859 26.0938 8.9766
v -12.8984 26.4219 7.4609
v -12.8984 26.4219 0.6416
v -12.7578 25.7656 8.9766
v -12.4297 25.9531 7.4609
v -12.4297 25.9531 0.6416
v -12.2500 25.3125 0.6416
v -12.2500 25.3125 7.4609
v -12.6406 25.3125 8.9766
v -12.4297 24.6719 0.6416
v -12.7578 24.8594 8.9766
v -12.4297 24.6719 7.4609
v -6.8633 23.2656 11.5938
v -4.7617 23.2656 11.5938
v -4.7617 23.2656 9.5078
v -6.8633 23.2656 9.5078
v -6.8633 23.2656 9.5078
v -6.8633 19.1562 9.5078
v -6.8633 23.2656 11.5938
v -6.8633 19.1562 12.3516
v -4.7617 23.2656 11.5938
v -4.7617 19.1562 9.5078
v -4.7617 23.2656 9.5078
v -4.7617 19.1562 12.3516
v -7.4453 -22.9531 6.5352
v -7.4453 -22.9531 -0.0000
v -12.2109 -22.9531 6.5352
v -12.2109 -22.9531 -0.0000
v -12.2109 -22.9531 6.5352
v -12.2109 -4.0078 0.0000
v -12.2109 -4.0078 6.5352
v -12.2109 -22.9531 -0.0000
v -1.3105 -4.0078 3.7246
v -12.2109 -4.0078 0.0000
v -1.3105 -4.0078 -0.0000
v -12.2109 -4.0078 6.5352
v -0.8247 -4.0078 4.4219
v 0.0001 -4.0078 6.5352
v 0.0001 -4.0078 4.6914
v 7.4453 -22.9531 6.5352
v 12.2109 -22.9531 -0.0004
v 7.4453 -22.9531 -0.0002
v 12.2109 -22.9531 6.5312
v 12.2109 -22.9531 6.5312
v 12.2109 -4.0078 -0.0003
v 12.2109 -22.9531 -0.0004
v 12.2109 -4.0078 6.5312
v 1.3105 -4.0078 3.7246
v 12.2109 -4.0078 -0.0003
v 12.2109 -4.0078 6.5312
v 1.3105 -4.0078 -0.0000
v 0.8252 -4.0078 4.4219
v 0.0001 -4.0078 6.5352
v 0.0001 -4.0078 4.6914
v 6.8633 0.1936 11.5938
v 4.7617 0.1936 11.5938
v 4.7617 0.1936 9.5078
v 6.8633 0.1936 9.5078
v 6.8633 0.1936 9.5078
v 6.8633 4.2891 9.5078
v 6.8633 0.1936 11.5938
v 6.8633 4.2891 12.3516
v 4.7617 0.1936 11.5938
v 4.7617 4.2891 9.5078
v 4.7617 0.1936 9.5078
v 4.7617 4.2891 12.3516
v 11.0000 16.9688 11.5938
v 11.0000 19.0781 9.5078
v 11.0000 19.0781 11.5938
v 11.0000 16.9688 9.5078
v 11.0000 16.9688 11.5938
v 6.9023 16.9688 12.3516
v 6.9023 16.9688 9.5078
v 11.0000 16.9688 9.5078
v 11.0000 19.0781 11.5938
v 6.9023 19.0781 9.5078
v 6.9023 19.0781 12.3516
v 11.0000 19.0781 9.5078
v -11.0000 16.9688 11.5938
v -11.0000 19.0781 11.5938
v -11.0000 19.0781 9.5078
v -11.0000 16.9688 9.5078
v -11.0000 16.9688 9.5078
v -6.9023 16.9688 9.5078
v -11.0000 16.9688 11.5938
v -6.9023 16.9688 12.3516
v -11.0000 19.0781 11.5938
v -6.9023 19.0781 9.5078
v -11.0000 19.0781 9.5078
v -6.9023 19.0781 12.3516
v 6.8633 23.2656 11.5938
v 4.7617 23.2656 9.5078
v 4.7617 23.2656 11.5938
v 6.8633 23.2656 9.5078
v 6.8633 23.2656 11.5938
v 6.8633 19.1562 12.3516
v 6.8633 19.1562 9.5078
v 6.8633 23.2656 9.5078
v 4.7617 23.2656 11.5938
v 4.7617 19.1562 9.5078
v 4.7617 19.1562 12.3516
v 4.7617 23.2656 9.5078
v 13.9922 25.7656 23.4844
v 13.5391 26.1250 12.9531
v 13.5391 25.9531 23.4844
v 13.0859 25.7656 23.4844
v 12.9688 25.8906 12.9531
v 14.1172 25.8906 12.9531
v 14.3516 25.3125 12.9531
v 14.1797 25.3125 23.4844
v 13.9922 24.8594 23.4844
v 14.1172 24.7344 12.9531
v 13.5391 24.5000 12.9531
v 13.5391 24.6719 23.4844
v 13.0859 24.8594 23.4844
v 12.9688 24.7344 12.9531
v 12.7266 25.3125 12.9531
v 12.8984 25.3125 23.4844
v 13.0859 25.7656 23.4844
v 12.9688 25.8906 12.9531
v 14.1562 -23.0938 7.4609
v 13.6875 -22.6250 0.6416
v 13.6875 -22.6250 7.4609
v 14.1562 -23.0938 0.6416
v 14.3281 -23.7500 0.6416
v 13.0469 -22.4531 7.4609
v 13.4922 -22.9688 8.9766
v 13.8203 -23.2969 8.9766
v 13.0469 -22.8438 8.9766
v 13.0469 -22.4531 0.6416
v 12.5938 -22.9688 8.9766
v 14.3281 -23.7500 7.4609
v 13.9453 -23.7500 8.9766
v 14.1562 -24.3906 0.6416
v 13.8203 -24.2031 8.9766
v 14.1562 -24.3906 7.4609
v 13.6875 -24.8594 0.6416
v 13.4922 -24.5312 8.9766
v 13.6875 -24.8594 7.4609
v 13.0469 -25.0312 0.6416
v 13.0469 -25.0312 7.4609
v 13.0469 -24.6406 8.9766
v 12.3984 -24.8594 0.6416
v 12.5938 -24.5312 8.9766
v 12.3984 -24.8594 7.4609
v 11.9297 -24.3906 7.4609
v 11.9297 -24.3906 0.6416
v 12.2656 -24.2031 8.9766
v 11.7578 -23.7500 7.4609
v 12.1406 -23.7500 8.9766
v 12.2656 -23.2969 8.9766
v 11.7578 -23.7500 0.6416
v 11.9297 -23.0938 7.4609
v 11.9297 -23.0938 0.6416
v 12.3984 -22.6250 7.4609
v 12.3984 -22.6250 0.6416
v 11.9297 -23.0938 7.4609
v 11.9297 -23.0938 0.6416
v 12.2656 -23.2969 8.9766
v -12.6562 14.1641 2.9043
v -12.6562 14.6562 0.5356
v -12.6562 14.1641 0.5327
v -12.6562 14.6562 2.9082
v 13.5391 26.2031 12.5859
v 14.0859 25.8594 12.0625
v 13.5391 26.0781 12.0625
v 13.5391 26.1250 9.4141
v 13.0000 25.8594 12.0625
v 12.9688 25.8906 9.4141
v 12.9062 25.9375 12.5859
v 14.1172 25.8906 9.4141
v 13.5391 26.4062 13.0156
v 12.7578 26.0938 13.0156
v 14.1719 25.9375 12.5859
v 14.3203 26.0938 13.0156
v 14.3516 25.3125 9.4141
v 14.6406 25.3125 13.0156
v 14.3125 25.3125 12.0625
v 14.4375 25.3125 12.5859
v 14.0859 24.7656 12.0625
v 14.1172 24.7344 9.4141
v 14.1719 24.6719 12.5859
v 14.3203 24.5312 13.0156
v 13.5391 24.5000 9.4141
v 13.5391 24.2031 13.0156
v 13.5391 24.5469 12.0625
v 13.5391 24.4219 12.5859
v 13.0000 24.7656 12.0625
v 12.9688 24.7344 9.4141
v 12.9062 24.6719 12.5859
v 12.7578 24.5312 13.0156
v 12.7266 25.3125 9.4141
v 12.4375 25.3125 13.0156
v 12.7734 25.3125 12.0625
v 13.0000 25.8594 12.0625
v 12.9688 25.8906 9.4141
v 12.6406 25.3125 12.5859
v 12.9062 25.9375 12.5859
v 12.7578 26.0938 13.0156
v 9.6172 4.4844 14.9844
v 9.6172 4.4844 11.1797
v 9.6172 6.3594 14.9844
v 9.6172 6.3594 11.1797
v 9.6172 6.3594 11.1797
v 8.0938 6.3594 15.2500
v 9.6172 6.3594 14.9844
v 7.0469 6.3594 11.1797
v 7.5703 6.3594 15.8516
v 7.0469 6.3594 15.8516
v 7.0469 4.4844 11.1797
v 7.5703 4.4844 15.8516
v 7.0469 4.4844 15.8516
v 8.0938 4.4844 15.2500
v 9.6172 4.4844 11.1797
v 9.6172 4.4844 14.9844
v -12.8047 -1.8584 8.9453
v -2.7520 -1.8584 6.8281
v -2.7520 -1.8584 8.9453
v -12.8047 -1.8584 6.8281
v -12.6562 11.4531 0.5332
v -12.6562 11.4531 2.9043
v -12.6562 11.9922 2.9004
v -12.6562 11.9922 0.5283
v -4.8633 21.8750 14.9844
v -4.8633 21.8750 11.1797
v -6.7383 21.8750 14.9844
v -6.7383 21.8750 11.1797
v -6.7383 21.8750 11.1797
v -6.7383 20.3594 15.2500
v -6.7383 21.8750 14.9844
v -6.7383 19.3125 11.1797
v -6.7383 19.8281 15.8516
v -6.7383 19.3125 15.8516
v -4.8633 19.3125 11.1797
v -4.8633 19.8281 15.8516
v -4.8633 19.3125 15.8516
v -4.8633 20.3594 15.2500
v -4.8633 21.8750 11.1797
v -4.8633 21.8750 14.9844
v 12.6562 9.8594 9.0469
v 12.6562 10.3438 8.6797
v 12.6562 10.3438 9.0469
v 12.6562 10.9922 9.0469
v 12.6562 9.8594 8.2734
v 12.6562 10.9922 8.2734
v 12.6562 9.3750 9.0469
v 12.6562 11.3125 9.0469
v 12.6562 9.3750 7.2617
v 12.6562 11.3125 7.2578
v 12.6562 8.6641 9.0469
v 12.6562 12.1172 9.0469
v 12.6562 8.6641 7.2578
v 12.6562 12.1094 7.2539
v 12.6562 8.1953 8.1797
v 12.6562 12.5234 8.1797
v 12.6562 8.1953 9.0469
v 12.6562 12.5234 9.0469
v 12.6562 7.7305 8.5469
v 12.6562 13.0312 8.5469
v 12.6562 7.7305 9.0469
v 12.6562 13.0312 9.0469
v 12.6562 7.2227 9.0469
v 12.6562 13.6641 9.0469
v 12.6562 7.2227 8.1797
v 12.6562 13.6641 8.1797
v 12.6562 6.7148 9.0469
v 12.6562 13.9609 9.0469
v 12.6562 6.7031 7.2539
v 12.6562 13.9609 7.2578
v 12.6562 5.6133 9.0469
v 12.6562 14.7812 7.2617
v 12.6562 5.6133 7.2500
v 12.6562 6.7031 4.8867
v 12.6562 5.6133 4.8828
v 12.6562 14.7812 9.0469
v 12.6562 15.1562 8.2734
v 12.6562 15.1562 9.0469
v 12.6562 15.6406 8.6797
v 12.6562 15.6406 9.0469
v 12.6562 16.2969 9.0469
v 12.6562 16.2969 8.2734
v 12.6562 16.6094 9.0469
v 12.6562 16.6094 7.2656
v 12.6562 17.0625 7.2656
v 12.6562 17.0625 9.0469
v -11.7578 25.1094 6.9922
v -12.1172 25.1094 6.2930
v -12.0938 25.1094 9.0234
v -11.1328 25.1094 7.4766
v -10.4141 25.1094 7.9180
v -9.6250 25.1094 9.0312
v -9.6250 25.1094 8.0703
v -8.8359 25.1094 7.9141
v -7.1602 25.1094 9.0312
v -8.1094 25.1094 7.4727
v -7.4922 25.1094 6.7695
v -7.1328 25.1094 6.0664
v -15.8594 -7.6484 5.0859
v -15.8594 -7.6484 4.1680
v -15.8594 -6.6445 5.0859
v -15.8594 -9.6953 4.1680
v -15.8594 -9.6953 0.8726
v -15.8594 -6.6992 0.8726
v -15.8594 -5.6406 4.1680
v -15.8594 -5.6406 5.0859
v -15.8594 -3.4941 0.8726
v -15.8594 -3.4980 4.1680
v -17.9688 -9.7031 5.0859
v -15.8594 -7.6484 4.1680
v -15.8594 -7.6484 5.0859
v -17.9688 -9.7031 4.1680
v -15.8594 -5.6406 4.1680
v -17.9375 -3.6211 5.0859
v -15.8594 -5.6406 5.0859
v -17.9375 -3.6191 4.1680
v -22.0938 -7.6484 4.1680
v -19.9844 -9.6953 4.1680
v -22.0938 -7.6484 5.0859
v -19.9844 -9.6953 5.0859
v -20.0156 -3.6211 5.0859
v -22.0938 -5.6406 4.1680
v -22.0938 -5.6406 5.0859
v -20.0156 -3.6191 4.1680
v -22.0938 -5.6406 5.0859
v -22.0938 -5.6406 4.1680
v -22.0938 -6.6445 5.0859
v -22.0938 -3.4941 0.8726
v -22.0938 -3.4980 4.1680
v -22.0938 -6.6992 0.8726
v -22.0938 -7.6484 4.1680
v -22.0938 -7.6484 5.0859
v -22.0938 -9.6953 0.8726
v -22.0938 -9.6953 4.1680
v -15.9375 -9.6953 4.1680
v -17.9688 -9.7031 4.1680
v -15.9375 -9.6953 0.8726
v -18.9375 -9.6953 0.8726
v -18.9844 -9.6953 5.0859
v -17.9688 -9.7031 5.0859
v -19.9844 -9.6953 4.1680
v -19.9844 -9.6953 5.0859
v -21.9375 -9.6953 0.8726
v -21.9375 -9.6953 4.1680
v -6.7383 1.5732 14.9844
v -4.8633 1.5732 11.1797
v -4.8633 1.5732 14.9844
v -6.7383 1.5732 11.1797
v -6.7383 3.0977 15.2500
v -6.7383 1.5732 11.1797
v -6.7383 1.5732 14.9844
v -6.7383 4.1484 11.1797
v -6.7383 3.6230 15.8516
v -6.7383 4.1484 15.8516
v -4.8633 4.1484 11.1797
v -4.8633 4.1484 15.8516
v -4.8633 3.6230 15.8516
v -4.8633 3.0977 15.2500
v -4.8633 1.5732 11.1797
v -4.8633 1.5732 14.9844
v 1.7822 1.1729 12.6719
v 1.7822 1.1729 11.0234
v 2.5840 1.6074 12.6719
v 2.5859 1.6074 11.0234
v 0.9087 0.9043 11.0234
v 3.2871 2.1934 12.6719
v 0.9087 0.9048 12.6719
v 0.0000 0.8140 11.0234
v 0.0000 0.8140 12.6719
v 3.2871 2.1934 11.0234
v 3.8594 2.9043 11.0234
v 3.8594 2.9043 12.6719
v 4.2773 3.7148 11.0234
v 4.2773 3.7148 12.6719
v 4.5312 4.5938 11.0234
v 4.5312 4.5938 12.6719
v -2.5840 1.6074 12.6719
v -1.7822 1.1729 11.0234
v -1.7822 1.1729 12.6719
v -0.9087 0.9043 11.0234
v -2.5859 1.6074 11.0234
v -0.9087 0.9048 12.6719
v 0.0000 0.8140 11.0234
v 0.0000 0.8140 11.0234
v 0.0000 0.8140 12.6719
v -3.2871 2.1934 12.6719
v -3.2871 2.1934 11.0234
v -3.8594 2.9043 11.0234
v -3.8594 2.9043 12.6719
v -4.2773 3.7148 11.0234
v -4.2773 3.7148 12.6719
v -4.5312 4.5938 11.0234
v -4.5312 4.5938 12.6719
v 0.7988 24.6562 4.3906
v 12.1094 24.6562 9.2422
v 1.2617 24.6562 3.6875
v 12.0938 24.6562 0.3872
v 1.2549 24.6562 0.3872
v 0.0012 24.6562 9.2422
v 0.0012 24.6562 4.6641
v -12.1016 24.6562 9.2422
v 0.0012 24.6562 9.2422
v -0.7964 24.6562 4.3906
v 0.0012 24.6562 4.6641
v -1.2588 24.6562 3.6875
v -12.0938 24.6562 0.3872
v -1.2520 24.6562 0.3872
v -12.6562 17.5781 9.0469
v -12.6562 19.3125 7.4766
v -12.6562 17.5781 7.2578
v -12.6562 19.3125 9.0469
v -12.6562 19.7969 8.2734
v -12.6562 19.7969 9.0469
v -12.6562 20.2812 8.6797
v -12.6562 20.2812 9.0469
v -12.6562 20.7656 9.0469
v -12.6562 20.7656 8.2734
v -12.6562 21.2500 9.0469
v -12.6562 21.2500 7.2578
v -12.6562 22.0625 9.0469
v -12.6562 22.0625 7.2578
v -12.6562 22.5312 8.1797
v -12.6562 22.5312 9.0469
v -12.6562 22.9844 8.5469
v -12.6562 22.9844 9.0469
v -12.6562 23.5000 9.0469
v -12.6562 23.5000 8.1797
v -12.6562 24.0000 9.0469
v -12.6562 24.0000 7.2578
v -12.6562 25.1094 7.2578
v -12.6562 25.1094 9.0469
v -12.6562 24.0000 4.8867
v -12.6562 25.1094 4.8828
v -12.6562 4.1367 9.0469
v -12.6562 5.8789 9.0469
v -12.6562 5.8789 7.2578
v -12.6562 4.1367 7.2578
v -12.6562 3.6504 8.2734
v -12.6562 3.6504 9.0469
v -12.6562 3.1660 8.6797
v -12.6562 3.1660 9.0469
v -12.6562 2.6816 9.0469
v -12.6562 2.6816 8.2734
v -12.6562 2.1992 9.0469
v -12.6562 2.1992 7.2578
v -12.6562 1.3945 9.0469
v -12.6562 1.3945 7.2578
v -12.6562 0.9282 8.1797
v -12.6562 0.9282 9.0469
v -12.6562 0.4622 8.5469
v -12.6562 0.4622 9.0469
v -12.6562 -0.0457 9.0469
v -12.6562 -0.0457 8.1797
v -12.6562 -0.5537 9.0469
v -12.6562 -0.5537 7.2578
v -12.6562 -1.6562 7.2578
v -12.6562 -1.6562 9.0469
v -12.6562 -0.5537 4.8867
v -12.6562 -1.6562 4.8828
v 5.7617 -3.6094 11.4766
v 6.4375 -3.4766 6.8281
v 6.4375 -3.4766 11.4766
v 7.0117 -3.0938 11.4766
v 5.7617 -3.6094 6.8281
v 7.0117 -3.0938 6.8281
v 5.0898 -3.4766 6.8281
v 7.3828 -2.5215 11.4766
v 5.0898 -3.4766 11.4766
v 7.3828 -2.5215 6.8281
v 4.5156 -3.0938 6.8281
v 7.5195 -1.8516 11.4766
v 4.5156 -3.0938 11.4766
v 7.5195 -1.8516 6.8281
v 4.1445 -2.5215 11.4766
v 7.3828 -1.1807 6.8281
v 4.1445 -2.5215 6.8281
v 7.3828 -1.1807 11.4766
v 4.0078 -1.8516 11.4766
v 7.0117 -0.6079 11.4766
v 4.0078 -1.8516 6.8281
v 7.0117 -0.6079 6.8281
v 4.1445 -1.1807 6.8281
v 6.4375 -0.2258 11.4766
v 4.1445 -1.1807 11.4766
v 6.4375 -0.2258 6.8281
v 5.7617 -0.0921 11.4766
v 5.7617 -0.0921 6.8281
v 4.5156 -0.6079 11.4766
v 4.5156 -0.6079 6.8281
v 5.0898 -0.2258 6.8281
v 5.0898 -0.2258 11.4766
v 5.7617 -0.0921 6.8281
v 5.7617 -0.0921 11.4766
v -12.6562 24.0469 0.5337
v -12.6562 24.0469 2.8965
v -12.6562 25.1094 2.8945
v -12.6562 25.1094 0.5317
v -12.6562 8.8047 7.2578
v -12.6562 9.3125 4.8906
v -12.6562 8.8047 4.8867
v -12.6562 9.3125 7.2617
v -11.8516 -23.9844 6.5703
v -7.2539 -23.9844 -0.0000
v -7.2539 -23.9844 6.5703
v -11.8516 -23.9844 -0.0000
v 13.1719 17.0312 10.5312
v 13.1719 18.0312 0.6206
v 13.1719 18.0312 11.1641
v 13.1719 17.0312 0.6206
v 13.1719 19.0156 10.5312
v 13.1719 19.0156 0.6206
v 10.7656 17.0312 10.5312
v 10.7656 17.0312 0.6206
v 13.1719 17.0312 10.5312
v 13.1719 17.0312 0.6206
v 13.1719 19.0156 10.5312
v 13.1719 19.0156 0.6206
v 10.7656 19.0156 10.5312
v 10.7656 19.0156 0.6206
v 12.6562 11.4531 2.9043
v 12.6562 11.4531 0.5332
v 12.6562 11.9922 2.9004
v 12.6562 11.9922 0.5283
v -13.1719 6.4219 10.5312
v -13.1719 5.4297 0.6206
v -13.1719 5.4297 11.1641
v -13.1719 6.4219 0.6206
v -13.1719 4.4375 10.5312
v -13.1719 4.4375 0.6206
v -10.7656 6.4219 10.5312
v -10.7656 6.4219 0.6206
v -13.1719 6.4219 10.5312
v -13.1719 6.4219 0.6206
v -13.1719 4.4375 10.5312
v -13.1719 4.4375 0.6206
v -10.7656 4.4375 10.5312
v -10.7656 4.4375 0.6206
v 12.6562 8.7812 2.9043
v 12.6562 9.2969 0.5356
v 12.6562 9.2969 2.9082
v 12.6562 8.7812 0.5327
v 11.8516 -23.9844 6.5703
v 7.2539 -23.9844 6.5703
v 7.2539 -23.9844 -0.0000
v 11.8516 -23.9844 -0.0000
v -15.2266 -1.2354 4.7305
v -15.2188 -0.0117 5.9062
v -15.2188 -1.2334 5.9062
v -15.2344 -0.0129 4.1836
v -15.2344 -0.4844 4.1055
v -15.2344 -0.9062 3.8809
v -15.2344 -1.2344 3.5352
v -15.2266 -3.5918 4.7305
v -15.2656 -3.5957 0.8711
v -15.2656 -1.2344 0.8706
v -15.2266 1.2090 4.7305
v -15.2188 1.2100 5.9062
v -15.2344 0.4585 4.1055
v -15.2344 0.8804 3.8809
v -15.2344 1.2090 3.5352
v -15.2266 3.7012 4.7305
v -15.2656 3.7012 0.8711
v -15.2656 1.2090 0.8706
v -15.2266 1.2090 4.7305
v -17.7344 3.7012 5.9102
v -15.2188 1.2100 5.9062
v -17.7500 3.7012 4.7305
v -15.2188 -1.2334 5.9062
v -17.7500 -3.5918 5.9219
v -17.7500 -3.5938 4.7305
v -15.2266 -1.2354 4.7305
v -20.2031 3.7012 5.9062
v -17.7344 3.7012 5.9102
v -17.7500 3.7012 4.7305
v -20.2031 3.7012 4.7305
v -15.2656 3.7012 0.8711
v -15.2266 3.7012 4.7305
v -22.7656 3.6992 0.8726
v -22.7656 3.6992 4.7305
v -22.7656 -1.2344 5.9062
v -22.7656 -0.0118 5.9062
v -22.7656 -1.2354 4.7305
v -22.7656 -0.0131 4.1836
v -22.7656 -0.4844 4.1055
v -22.7656 -0.9062 3.8828
v -22.7656 -1.2354 3.5371
v -22.7656 -3.5938 4.7305
v -22.7656 -3.5957 0.8726
v -22.7656 -1.2354 0.8726
v -22.7656 1.2090 4.7305
v -22.7656 1.2100 5.9062
v -22.7656 0.4583 4.1055
v -22.7656 0.8804 3.8828
v -22.7656 1.2090 3.5371
v -22.7656 3.6992 4.7305
v -22.7656 3.6992 0.8726
v -22.7656 1.2090 0.8726
v -20.2031 3.7012 4.7305
v -22.7656 1.2100 5.9062
v -20.2031 3.7012 5.9062
v -22.7656 1.2090 4.7305
v -22.7656 -1.2354 4.7305
v -20.2188 -3.5938 4.7305
v -22.7656 -1.2344 5.9062
v -20.2188 -3.5918 5.9102
v -20.2188 -3.5938 4.7305
v -17.7500 -3.5918 5.9219
v -20.2188 -3.5918 5.9102
v -17.7500 -3.5938 4.7305
v -15.2656 -3.5957 0.8711
v -15.2266 -3.5918 4.7305
v -22.7656 -3.5957 0.8726
v -22.7656 -3.5938 4.7305
v -22.7656 1.2090 3.5371
v -15.2656 1.2090 0.8706
v -15.2344 1.2090 3.5352
v -22.7656 1.2090 0.8726
v -22.7656 0.8804 3.8828
v -15.2344 0.8804 3.8809
v -15.2656 -1.2344 0.8706
v -22.7656 -1.2354 3.5371
v -15.2344 -1.2344 3.5352
v -22.7656 -1.2354 0.8726
v -22.7656 -0.9062 3.8828
v -15.2344 -0.9062 3.8809
v 12.6562 19.3125 4.6914
v 12.6562 17.5781 4.6914
v 12.6562 17.5781 2.9121
v 12.6562 19.3125 2.9082
v 12.6562 19.7969 3.9180
v 12.6562 19.7969 4.6914
v 12.6562 20.2812 4.3203
v 12.6562 20.2812 4.6914
v 12.6562 20.7656 4.6914
v 12.6562 20.7656 3.9160
v 12.6562 21.2500 4.6914
v 12.6562 21.2500 2.9043
v 12.6562 22.0625 4.6914
v 12.6562 22.0625 2.9004
v 12.6562 22.5312 3.8262
v 12.6562 22.5312 4.6914
v 12.6562 22.9844 4.1914
v 12.6562 22.9844 4.6914
v 12.6562 23.5000 4.6914
v 12.6562 23.5000 3.8223
v 12.6562 24.0000 4.6914
v 12.6562 24.0000 2.8965
v 12.6562 25.1094 4.6914
v 12.6562 25.1094 2.8945
v 12.6562 24.0000 0.6050
v 12.6562 25.1094 0.6035
v 12.6562 4.1367 4.6914
v 12.6562 5.8789 2.9121
v 12.6562 5.8789 4.6914
v 12.6562 4.1367 2.9082
v 12.6562 3.6504 3.9180
v 12.6562 3.6504 4.6914
v 12.6562 3.1660 4.3203
v 12.6562 3.1660 4.6914
v 12.6562 2.6816 4.6914
v 12.6562 2.6816 3.9160
v 12.6562 2.1992 4.6914
v 12.6562 2.1992 2.9043
v 12.6562 1.3945 4.6914
v 12.6562 1.3945 2.9004
v 12.6562 0.9282 3.8262
v 12.6562 0.9282 4.6914
v 12.6562 0.4622 4.1914
v 12.6562 0.4622 4.6914
v 12.6562 -0.0457 4.6914
v 12.6562 -0.0457 3.8223
v 12.6562 -0.5537 4.6914
v 12.6562 -0.5537 2.8965
v 12.6562 -1.6562 4.6914
v 12.6562 -1.6562 2.8945
v 12.6562 -0.5537 0.6050
v 12.6562 -1.6562 0.6035
v 13.9922 -1.4053 23.4844
v 13.5391 -1.0449 12.9531
v 13.5391 -1.2178 23.4844
v 13.0859 -1.4053 23.4844
v 12.9688 -1.2822 12.9531
v 14.1172 -1.2822 12.9531
v 14.3516 -1.8574 12.9531
v 14.1797 -1.8574 23.4844
v 13.9922 -2.3086 23.4844
v 14.1172 -2.4316 12.9531
v 13.5391 -2.6699 12.9531
v 13.5391 -2.4961 23.4844
v 13.0859 -2.3086 23.4844
v 12.9688 -2.4316 12.9531
v 12.7266 -1.8574 12.9531
v 12.8984 -1.8574 23.4844
v 13.0859 -1.4053 23.4844
v 12.9688 -1.2822 12.9531
v 10.5547 13.5078 12.6719
v 10.5547 13.5078 11.0234
v 10.1172 14.3125 12.6719
v 10.1172 14.3125 11.0234
v 10.8281 12.6328 11.0234
v 9.5391 15.0156 12.6719
v 10.8281 12.6328 12.6719
v 10.9141 11.7266 11.0234
v 10.9141 11.7266 12.6719
v 9.5391 15.0156 11.0234
v 8.8203 15.5859 11.0234
v 8.8203 15.5859 12.6719
v 8.0156 16.0000 11.0234
v 8.0156 16.0000 12.6719
v 7.1328 16.2656 11.0234
v 7.1328 16.2656 12.6719
v 6.7266 16.7656 11.0234
v 6.7266 16.7656 12.6719
v 10.1172 9.1406 12.6719
v 10.5547 9.9453 11.0234
v 10.5547 9.9453 12.6719
v 10.8281 10.8203 11.0234
v 10.1172 9.1406 11.0234
v 10.8281 10.8203 12.6719
v 10.9141 11.7266 11.0234
v 10.9141 11.7266 12.6719
v 9.5391 8.4375 12.6719
v 9.5391 8.4375 11.0234
v 8.8203 7.8672 11.0234
v 8.8203 7.8672 12.6719
v 8.0156 7.4492 11.0234
v 8.0156 7.4492 12.6719
v 7.1328 7.1953 11.0234
v 7.1328 7.1953 12.6719
v 6.7266 6.6875 11.0234
v 6.7266 6.6875 12.6719
v -9.6172 18.9688 14.9844
v -9.6172 18.9688 11.1797
v -9.6172 17.0938 14.9844
v -9.6172 17.0938 11.1797
v -9.6172 17.0938 11.1797
v -8.0938 17.0938 15.2500
v -9.6172 17.0938 14.9844
v -7.0469 17.0938 11.1797
v -7.5703 17.0938 15.8516
v -7.0469 17.0938 15.8516
v -7.0469 18.9688 11.1797
v -7.5703 18.9688 15.8516
v -7.0469 18.9688 15.8516
v -8.0938 18.9688 15.2500
v -9.6172 18.9688 11.1797
v -9.6172 18.9688 14.9844
v 14.6562 24.6719 7.4609
v 14.1875 24.2031 0.6416
v 14.6562 24.6719 0.6416
v 14.8281 25.3125 7.4609
v 14.1875 24.2031 7.4609
v 14.8281 25.3125 0.6416
v 13.5391 24.0312 7.4609
v 13.5391 24.0312 0.6416
v 13.9922 24.5312 8.9766
v 14.3203 24.8594 8.9766
v 13.5391 24.4062 8.9766
v 14.4453 25.3125 8.9766
v 12.8984 24.2031 0.6416
v 14.3203 25.7656 8.9766
v 13.0859 24.5312 8.9766
v 14.6562 25.9531 7.4609
v 14.6562 25.9531 0.6416
v 13.9922 26.0938 8.9766
v 14.1875 26.4219 0.6416
v 12.8984 24.2031 7.4609
v 12.4297 24.6719 7.4609
v 12.7578 24.8594 8.9766
v 12.4297 24.6719 0.6416
v 14.1875 26.4219 7.4609
v 13.5391 26.5938 0.6416
v 13.5391 26.5938 7.4609
v 13.5391 26.2188 8.9766
v 13.0859 26.0938 8.9766
v 12.8984 26.4219 7.4609
v 12.8984 26.4219 0.6416
v 12.7578 25.7656 8.9766
v 12.4297 25.9531 7.4609
v 12.4297 25.9531 0.6416
v 12.2500 25.3125 0.6416
v 12.2500 25.3125 7.4609
v 12.6406 25.3125 8.9766
v 12.4297 24.6719 0.6416
v 12.7578 24.8594 8.9766
v 12.4297 24.6719 7.4609
v 12.6562 8.8047 7.2578
v 12.6562 9.3125 4.8906
v 12.6562 9.3125 7.2617
v 12.6562 8.8047 4.8867
v 9.6172 17.0938 14.9844
v 9.6172 18.9688 11.1797
v 9.6172 18.9688 14.9844
v 9.6172 17.0938 11.1797
v 8.0938 17.0938 15.2500
v 9.6172 17.0938 11.1797
v 9.6172 17.0938 14.9844
v 7.0469 17.0938 11.1797
v 7.5703 17.0938 15.8516
v 7.0469 17.0938 15.8516
v 7.0469 18.9688 11.1797
v 7.0469 18.9688 15.8516
v 7.5703 18.9688 15.8516
v 8.0938 18.9688 15.2500
v 9.6172 18.9688 11.1797
v 9.6172 18.9688 14.9844
v -5.7617 27.0625 11.4766
v -6.4375 26.9375 0.5054
v -6.4375 26.9375 11.4766
v -5.7617 27.0625 0.5054
v -7.0117 26.5469 0.5054
v -5.0898 26.9375 11.4766
v -7.0117 26.5469 11.4766
v -5.0898 26.9375 0.5054
v -7.3828 25.9688 11.4766
v -4.5156 26.5469 0.5054
v -7.3828 25.9688 0.5054
v -4.5156 26.5469 11.4766
v -7.5195 25.3125 0.5054
v -4.1445 25.9688 11.4766
v -7.5195 25.3125 11.4766
v -4.1445 25.9688 0.5054
v -7.3828 24.6406 11.4766
v -4.0078 25.3125 0.5054
v -7.3828 24.6406 0.5054
v -4.0078 25.3125 11.4766
v -7.0117 24.0625 8.8125
v -4.1445 24.6406 11.4766
v -7.0117 24.0625 11.4766
v -4.1445 24.6406 0.5054
v -6.4375 23.6719 11.4766
v -4.5156 24.0625 8.8125
v -6.4375 23.6719 8.8125
v -5.7617 23.5469 11.4766
v -5.7617 23.5469 8.8125
v -4.5156 24.0625 11.4766
v -5.0898 23.6719 8.8125
v -5.0898 23.6719 11.4766
v -5.7617 23.5469 8.8125
v -5.7617 23.5469 11.4766
v -1.7822 22.2812 12.6719
v -1.7822 22.2812 11.0234
v -2.5840 21.8438 12.6719
v -2.5859 21.8438 11.0234
v -0.9087 22.5469 11.0234
v -3.2871 21.2656 12.6719
v -0.9087 22.5469 12.6719
v -0.0000 22.6406 11.0234
v -0.0000 22.6406 12.6719
v -3.2871 21.2656 11.0234
v -3.8594 20.5469 11.0234
v -3.8594 20.5469 12.6719
v -4.2773 19.7344 11.0234
v -4.2773 19.7344 12.6719
v -4.5312 18.8594 11.0234
v -4.5312 18.8594 12.6719
v 2.5840 21.8438 12.6719
v 1.7822 22.2812 11.0234
v 1.7822 22.2812 12.6719
v 0.9087 22.5469 11.0234
v 2.5859 21.8438 11.0234
v 0.9087 22.5469 12.6719
v -0.0000 22.6406 11.0234
v -0.0000 22.6406 11.0234
v -0.0000 22.6406 12.6719
v 3.2871 21.2656 12.6719
v 3.2871 21.2656 11.0234
v 3.8594 20.5469 11.0234
v 3.8594 20.5469 12.6719
v 4.2773 19.7344 11.0234
v 4.2773 19.7344 12.6719
v 4.5312 18.8594 11.0234
v 4.5312 18.8594 12.6719
v -12.6562 8.7812 2.9043
v -12.6562 9.2969 0.5356
v -12.6562 8.7812 0.5327
v -12.6562 9.2969 2.9082
v -3.0469 -22.9531 9.8672
v -3.0469 -22.9531 -0.0000
v -7.2070 -22.9531 9.8672
v -7.2070 -22.9531 -0.0000
v -7.2070 -24.9531 -0.0000
v -7.2070 -24.9531 10.1875
v -7.2070 -22.9531 9.8672
v -7.2070 -22.9531 -0.0000
v -7.2070 -26.9531 9.8672
v -7.2070 -26.9531 -0.0000
v -7.2070 -26.9531 9.8672
v -2.9746 -26.9531 -0.0000
v -2.9746 -26.9531 9.8672
v -7.2070 -26.9531 -0.0000
v 13.1719 6.4219 10.5312
v 13.1719 5.4297 0.6206
v 13.1719 6.4219 0.6206
v 13.1719 5.4297 11.1641
v 13.1719 4.4375 10.5312
v 13.1719 4.4375 0.6206
v 10.7656 6.4219 0.6206
v 10.7656 6.4219 10.5312
v 13.1719 6.4219 10.5312
v 13.1719 6.4219 0.6206
v 10.7656 4.4375 10.5312
v 13.1719 4.4375 0.6206
v 13.1719 4.4375 10.5312
v 10.7656 4.4375 0.6206
v 12.6562 9.8594 4.6953
v 12.6562 10.3438 4.3242
v 12.6562 10.3438 4.6953
v 12.6562 10.9922 4.6953
v 12.6562 9.8594 3.9199
v 12.6562 10.9922 3.9219
v 12.6562 9.3750 4.6953
v 12.6562 11.3125 4.6953
v 12.6562 9.3750 2.9082
v 12.6562 11.3125 2.9043
v 12.6562 8.6641 4.6953
v 12.6562 12.1172 4.6953
v 12.6562 8.6641 2.9043
v 12.6562 12.1094 2.9004
v 12.6562 8.1953 3.8281
v 12.6562 12.5234 3.8262
v 12.6562 8.1953 4.6953
v 12.6562 12.5234 4.6953
v 12.6562 7.7305 4.1953
v 12.6562 13.0312 4.1953
v 12.6562 7.7305 4.6953
v 12.6562 13.0312 4.6953
v 12.6562 7.2227 4.6953
v 12.6562 13.6641 4.6953
v 12.6562 7.2227 3.8262
v 12.6562 13.6641 3.8281
v 12.6562 6.7148 4.6953
v 12.6562 13.9609 4.6953
v 12.6562 6.7031 2.9004
v 12.6562 13.9609 2.9043
v 12.6562 5.6133 4.6953
v 12.6562 14.7812 2.9082
v 12.6562 5.6133 2.8984
v 12.6562 6.7031 0.5327
v 12.6562 5.6133 0.5312
v 12.6562 14.7812 4.6953
v 12.6562 15.1562 3.9199
v 12.6562 15.1562 4.6953
v 12.6562 15.6406 4.3242
v 12.6562 15.6406 4.6953
v 12.6562 16.2969 4.6953
v 12.6562 16.2969 3.9219
v 12.6562 16.6094 4.6953
v 12.6562 16.6094 2.9121
v 12.6562 17.0781 2.9121
v 12.6562 17.0781 4.6953
v 12.6562 1.5840 2.9004
v 12.6562 2.0547 0.5327
v 12.6562 2.0547 2.9043
v 12.6562 1.5840 0.5298
v 12.6562 21.3906 7.2578
v 12.6562 21.3906 4.8867
v 12.6562 21.8594 7.2578
v 12.6562 21.8594 4.8867
v -12.6562 1.5840 2.9004
v -12.6562 2.0547 0.5327
v -12.6562 1.5840 0.5298
v -12.6562 2.0547 2.9043
v -1.3398 -26.4531 4.6172
v -1.5664 -22.9531 4.3242
v -1.3398 -22.9531 4.6172
v -1.5664 -26.4531 4.3242
v -0.9512 -22.9531 4.9141
v -0.9507 -26.4531 4.9102
v -0.4951 -22.9531 5.0977
v -0.4949 -26.4531 5.0977
v 0.9507 -26.4531 4.9102
v 0.4951 -22.9531 5.0977
v 0.9512 -22.9531 4.9141
v 0.4949 -26.4531 5.0977
v 1.3398 -26.4531 4.6172
v 1.3398 -22.9531 4.6172
v 1.5664 -22.9531 4.3242
v 1.5664 -26.4531 4.3242
v -3.0469 -28.0781 -0.0000
v -3.0469 -28.0781 11.9844
v -3.0469 -26.9531 9.8672
v -3.0469 -26.9531 -0.0000
v -3.0469 -22.9531 11.9844
v -3.0469 -22.9531 9.8672
v -1.3350 -26.4531 6.4336
v -1.3350 -28.0781 6.4336
v -1.5654 -28.0781 5.8789
v -1.5654 -26.4531 5.8789
v -1.5664 -26.4531 4.3242
v -1.5693 -28.0781 -0.0000
v -1.5801 -22.9531 -0.0000
v -1.5664 -22.9531 4.3242
v -1.3350 -28.0781 6.4336
v -0.8428 -26.4531 6.5664
v -0.8428 -28.0781 6.5664
v -1.3350 -26.4531 6.4336
v -0.6870 -26.4531 7.1523
v -0.6870 -28.0781 7.1523
v -0.8428 -28.0781 6.5664
v -0.8428 -26.4531 6.5664
v 3.0469 -26.9531 9.8672
v 3.0469 -22.9531 11.9844
v 3.0469 -28.0781 11.9844
v 3.0469 -22.9531 9.8672
v 3.0469 -28.0781 -0.0000
v 3.0469 -26.9531 -0.0000
v 0.1581 -26.7969 8.5078
v 0.3438 -28.0781 7.2344
v 0.1581 -28.0781 8.5078
v 0.3438 -26.4531 7.2344
v 0.8428 -28.0781 6.5664
v 1.3350 -26.4531 6.4336
v 1.3350 -28.0781 6.4336
v 0.8428 -26.4531 6.5664
v 1.3350 -28.0781 6.4336
v 1.3350 -26.4531 6.4336
v 1.5654 -26.4531 5.8789
v 1.5654 -28.0781 5.8789
v 1.5664 -26.4531 4.3242
v 1.5693 -28.0781 -0.0000
v 1.5674 -22.9531 -0.0000
v 1.5664 -22.9531 4.3242
v -2.2773 -22.9531 11.7500
v -3.0469 -22.9531 -0.0000
v -3.0469 -22.9531 9.8672
v -3.0469 -22.9531 11.9844
v -1.5664 -22.9531 4.3242
v -1.5801 -22.9531 -0.0000
v -1.5410 -22.9531 11.7344
v -1.3398 -22.9531 4.6172
v -0.9512 -22.9531 4.9141
v -0.4951 -22.9531 5.0977
v 0.0000 -22.9531 5.1602
v 0.0125 -22.9531 12.3438
v 1.5654 -22.9531 11.7344
v 0.4951 -22.9531 5.0977
v 0.9512 -22.9531 4.9141
v 1.3398 -22.9531 4.6172
v 1.5664 -22.9531 4.3242
v 2.2773 -22.9531 11.7500
v 3.0469 -22.9531 -0.0000
v 1.5674 -22.9531 -0.0000
v 3.0469 -22.9531 9.8672
v 3.0469 -22.9531 11.9844
v -1.3398 -26.4531 4.6172
v -1.5654 -26.4531 5.8789
v -1.5664 -26.4531 4.3242
v -0.9507 -26.4531 4.9102
v -0.4949 -26.4531 5.0977
v -1.3350 -26.4531 6.4336
v -0.8428 -26.4531 6.5664
v 0.0000 -26.4531 5.1602
v 0.0000 -26.4531 6.7031
v 0.8428 -26.4531 6.5664
v 0.4949 -26.4531 5.0977
v 1.3350 -26.4531 6.4336
v 1.5654 -26.4531 5.8789
v 0.9507 -26.4531 4.9102
v 1.3398 -26.4531 4.6172
v 1.5664 -26.4531 4.3242
v -0.6943 -28.0781 11.9297
v 0.0000 -28.0781 8.5078
v -0.0000 -28.0781 12.3359
v 0.6943 -28.0781 11.9297
v -0.1581 -28.0781 8.5078
v 0.1581 -28.0781 8.5078
v -1.4736 -28.0781 11.7344
v 1.4736 -28.0781 11.7344
v -0.3438 -28.0781 7.2344
v -0.6870 -28.0781 7.1523
v -0.8428 -28.0781 6.5664
v -1.3350 -28.0781 6.4336
v -2.2773 -28.0781 11.7500
v -1.5654 -28.0781 5.8789
v -3.0469 -28.0781 11.9844
v -3.0469 -28.0781 -0.0000
v -1.5693 -28.0781 -0.0000
v 0.3438 -28.0781 7.2344
v 0.6870 -28.0781 7.1523
v 0.8428 -28.0781 6.5664
v 1.3350 -28.0781 6.4336
v 2.2773 -28.0781 11.7500
v 1.5654 -28.0781 5.8789
v 3.0469 -28.0781 11.9844
v 3.0469 -28.0781 -0.0000
v 1.5693 -28.0781 -0.0000
v -0.1581 -28.0781 8.5078
v -0.3438 -28.0781 7.2344
v -0.1581 -26.7969 8.5078
v -0.3438 -26.4531 7.2344
v 0.6870 -28.0781 7.1523
v 0.3438 -26.4531 7.2344
v 0.6870 -26.4531 7.1523
v 0.3438 -28.0781 7.2344
v -0.6870 -28.0781 7.1523
v -0.3438 -26.4531 7.2344
v -0.3438 -28.0781 7.2344
v -0.6870 -26.4531 7.1523
v 0.6870 -28.0781 7.1523
v 0.6870 -26.4531 7.1523
v 0.8428 -26.4531 6.5664
v 0.8428 -28.0781 6.5664
v -10.5547 9.9453 12.6719
v -10.5547 9.9453 11.0234
v -10.1172 9.1406 12.6719
v -10.1172 9.1406 11.0234
v -10.8281 10.8203 11.0234
v -9.5391 8.4375 12.6719
v -10.8281 10.8203 12.6719
v -10.9141 11.7266 11.0234
v -10.9141 11.7266 12.6719
v -9.5391 8.4375 11.0234
v -8.8203 7.8672 11.0234
v -8.8203 7.8672 12.6719
v -8.0156 7.4492 11.0234
v -8.0156 7.4492 12.6719
v -7.1328 7.1953 11.0234
v -7.1328 7.1953 12.6719
v -6.7266 6.6875 11.0234
v -6.7266 6.6875 12.6719
v -10.1172 14.3125 12.6719
v -10.5547 13.5078 11.0234
v -10.5547 13.5078 12.6719
v -10.8281 12.6328 11.0234
v -10.1172 14.3125 11.0234
v -10.8281 12.6328 12.6719
v -10.9141 11.7266 11.0234
v -10.9141 11.7266 11.0234
v -10.9141 11.7266 12.6719
v -9.5391 15.0156 12.6719
v -9.5391 15.0156 11.0234
v -8.8203 15.5859 11.0234
v -8.8203 15.5859 12.6719
v -8.0156 16.0000 11.0234
v -8.0156 16.0000 12.6719
v -7.1328 16.2656 11.0234
v -7.1328 16.2656 12.6719
v -6.7266 16.7656 11.0234
v -6.7266 16.7656 12.6719
v -12.6562 4.1367 4.6914
v -12.6562 5.8789 4.6914
v -12.6562 5.8789 2.9121
v -12.6562 4.1367 2.9082
v -12.6562 3.6504 3.9180
v -12.6562 3.6504 4.6914
v -12.6562 3.1660 4.3203
v -12.6562 3.1660 4.6914
v -12.6562 2.6816 4.6914
v -12.6562 2.6816 3.9160
v -12.6562 2.1992 4.6914
v -12.6562 2.1992 2.9043
v -12.6562 1.3945 4.6914
v -12.6562 1.3945 2.9004
v -12.6562 0.9282 3.8262
v -12.6562 0.9282 4.6914
v -12.6562 0.4622 4.1914
v -12.6562 0.4622 4.6914
v -12.6562 -0.0457 4.6914
v -12.6562 -0.0457 3.8223
v -12.6562 -0.5537 4.6914
v -12.6562 -0.5537 2.8965
v -12.6562 -1.6562 4.6914
v -12.6562 -1.6562 2.8945
v -12.6562 -0.5537 0.6050
v -12.6562 -1.6562 0.6035
v -1.4609 24.5000 3.9199
v 1.4561 24.5000 0.3872
v -1.4609 24.5000 0.3872
v 1.4639 24.5000 3.9199
v 0.9268 24.5000 4.6250
v -0.9238 24.5000 4.6250
v 0.0015 24.5000 4.8984
v -12.6562 9.8594 4.6953
v -12.6562 10.3438 4.3242
v -12.6562 9.8594 3.9199
v -12.6562 10.3438 4.6953
v -12.6562 9.3750 4.6953
v -12.6562 10.9922 4.6953
v -12.6562 9.3750 2.9082
v -12.6562 10.9922 3.9219
v -12.6562 8.6641 4.6953
v -12.6562 11.3125 4.6953
v -12.6562 8.6641 2.9043
v -12.6562 11.3125 2.9043
v -12.6562 8.1953 3.8281
v -12.6562 12.1172 4.6953
v -12.6562 8.1953 4.6953
v -12.6562 12.1094 2.9004
v -12.6562 7.7305 4.1953
v -12.6562 12.5234 3.8262
v -12.6562 7.7305 4.6953
v -12.6562 12.5234 4.6953
v -12.6562 7.2227 4.6953
v -12.6562 13.0312 4.1953
v -12.6562 7.2227 3.8262
v -12.6562 13.0312 4.6953
v -12.6562 6.7148 4.6953
v -12.6562 13.6641 4.6953
v -12.6562 6.7031 2.9004
v -12.6562 13.6641 3.8281
v -12.6562 5.6133 4.6953
v -12.6562 13.9609 4.6953
v -12.6562 5.6133 2.8984
v -12.6562 6.7031 0.5327
v -12.6562 5.6133 0.5312
v -12.6562 13.9609 2.9043
v -12.6562 14.7812 2.9082
v -12.6562 14.7812 4.6953
v -12.6562 15.1562 3.9199
v -12.6562 15.1562 4.6953
v -12.6562 15.6406 4.3242
v -12.6562 15.6406 4.6953
v -12.6562 16.2969 4.6953
v -12.6562 16.2969 3.9219
v -12.6562 16.6094 4.6953
v -12.6562 16.6094 2.9121
v -12.6562 17.0781 2.9121
v -12.6562 17.0781 4.6953
v -12.6562 1.5430 7.2578
v -12.6562 2.1230 4.8867
v -12.6562 1.5430 4.8867
v -12.6562 2.1230 7.2578
v -6.4766 3.7578 18.0938
v -5.8008 3.6230 8.7500
v -5.8008 3.6230 18.0938
v -5.1250 3.7578 8.7500
v -6.4766 3.7578 8.7500
v -5.1250 3.7578 18.0938
v -7.0547 4.1406 18.0938
v -4.5508 4.1406 8.7500
v -7.0547 4.1406 8.7500
v -4.5508 4.1406 18.0938
v -7.4297 4.7188 18.0938
v -4.1758 4.7188 14.1250
v -7.4297 4.7188 8.7500
v -4.1758 4.7188 18.0938
v -7.5664 5.3906 8.7500
v -4.0391 5.3906 18.0938
v -7.5664 5.3906 18.0938
v -4.0391 5.3906 14.1250
v -7.4297 6.0625 18.0938
v -4.1758 6.0625 18.0938
v -7.4297 6.0625 8.7500
v -4.1758 6.0625 14.1250
v -7.0547 6.6406 8.7500
v -4.5508 6.6406 14.1250
v -7.0547 6.6406 18.0938
v -4.5508 6.6406 18.0938
v -6.4766 7.0234 14.1250
v -5.1250 7.0234 14.1250
v -6.4766 7.0234 18.0938
v -5.8008 7.1562 18.0938
v -5.8008 7.1562 14.1250
v -5.1250 7.0234 18.0938
v -5.8008 7.1562 14.1250
v -5.8008 7.1562 18.0938
v 1.4619 -3.9160 3.8691
v -1.4541 -3.9160 0.3367
v 1.4619 -3.9160 0.3367
v -1.4619 -3.9160 3.8691
v -0.9253 -3.9160 4.5742
v 0.9253 -3.9160 4.5742
v 0.0000 -3.9160 4.8477
v 1.9072 25.1094 7.8398
v 2.2129 25.1094 9.8125
v 2.2285 25.1094 7.1875
v 1.3535 25.1094 8.5000
v 0.7046 25.1094 8.9141
v 0.0014 25.1094 9.8203
v -0.0000 25.1094 9.0547
v -0.7051 25.1094 8.9062
v -2.2070 25.1094 9.8203
v -1.3545 25.1094 8.4922
v -1.9082 25.1094 7.8359
v -2.2305 25.1094 7.1836
v -12.6562 14.1016 7.2578
v -12.6562 14.6719 4.8906
v -12.6562 14.1016 4.8867
v -12.6562 14.6719 7.2617
v 6.4375 26.9375 11.4766
v 5.7617 27.0625 0.5054
v 5.7617 27.0625 11.4766
v 5.0898 26.9375 11.4766
v 6.4375 26.9375 0.5054
v 5.0898 26.9375 0.5054
v 7.0117 26.5469 0.5054
v 4.5156 26.5469 11.4766
v 7.0117 26.5469 11.4766
v 4.5156 26.5469 0.5054
v 7.3828 25.9688 0.5054
v 4.1445 25.9688 0.5054
v 7.3828 25.9688 11.4766
v 4.1445 25.9688 11.4766
v 7.5195 25.3125 0.5054
v 4.0078 25.3125 0.5054
v 7.5195 25.3125 11.4766
v 4.0078 25.3125 11.4766
v 7.3828 24.6406 0.5054
v 4.1445 24.6406 0.5054
v 7.3828 24.6406 11.4766
v 4.1445 24.6406 11.4766
v 7.0117 24.0625 8.8125
v 4.5156 24.0625 8.8125
v 7.0117 24.0625 11.4766
v 4.5156 24.0625 11.4766
v 6.4375 23.6719 11.4766
v 5.0898 23.6875 8.8125
v 6.4375 23.6875 8.8125
v 5.7617 23.5469 11.4766
v 5.7617 23.5469 8.8125
v 5.0898 23.6719 11.4766
v 5.7617 23.5469 8.8125
v 5.7617 23.5469 11.4766
v 5.8008 3.6230 18.0938
v 5.8008 3.6230 8.7500
v 6.4766 3.7578 18.0938
v 6.4766 3.7578 8.7500
v 5.1250 3.7578 8.7500
v 7.0547 4.1406 18.0938
v 5.1250 3.7578 18.0938
v 7.0547 4.1406 8.7500
v 4.5508 4.1406 8.7500
v 7.4297 4.7188 8.7500
v 4.5508 4.1406 18.0938
v 7.4297 4.7188 18.0938
v 4.1758 4.7188 14.1250
v 7.5664 5.3906 8.7500
v 4.1758 4.7188 18.0938
v 7.5664 5.3906 18.0938
v 4.0391 5.3906 18.0938
v 7.4297 6.0625 18.0938
v 4.0391 5.3906 14.1250
v 7.4297 6.0625 8.7500
v 4.1758 6.0625 18.0938
v 7.0547 6.6406 18.0938
v 4.1758 6.0625 14.1250
v 7.0547 6.6406 8.7500
v 4.5508 6.6406 18.0938
v 6.4766 7.0234 14.1250
v 4.5508 6.6406 14.1250
v 6.4766 7.0234 18.0938
v 5.8008 7.1562 18.0938
v 5.8008 7.1562 14.1250
v 5.1250 7.0234 14.1250
v 5.1250 7.0234 18.0938
v 5.8008 7.1562 14.1250
v 5.8008 7.1562 18.0938
v 4.8633 1.5732 14.9844
v 4.8633 1.5732 11.1797
v 6.7383 1.5732 14.9844
v 6.7383 1.5732 11.1797
v 6.7383 1.5732 11.1797
v 6.7383 3.0977 15.2500
v 6.7383 1.5732 14.9844
v 6.7383 4.1484 11.1797
v 6.7383 3.6230 15.8516
v 6.7383 4.1484 15.8516
v 4.8633 4.1484 11.1797
v 4.8633 3.6230 15.8516
v 4.8633 4.1484 15.8516
v 4.8633 3.0977 15.2500
v 4.8633 1.5732 11.1797
v 4.8633 1.5732 14.9844
v 0.0000 17.6562 18.1562
v 0.0000 17.6562 16.3750
v -1.0732 17.5625 18.1562
v -1.0732 17.5625 16.3750
v -2.1328 17.2812 18.1562
v -2.1328 17.2812 16.3750
v -3.1191 16.7969 18.1562
v -3.1191 16.7969 16.3750
v -4.0000 16.1406 18.1562
v -4.0000 16.1406 16.3750
v -4.7461 15.3281 16.3750
v -4.7461 15.3281 18.1562
v -5.3281 14.3906 16.3750
v -5.3281 14.3906 18.1562
v -5.7266 13.3672 16.3750
v -5.7266 13.3672 18.1562
v -5.9336 12.2891 16.3750
v -5.9336 12.2891 18.1562
v -5.9336 11.1875 16.3750
v -5.9336 11.1875 18.1562
v -5.7344 10.1094 18.1562
v -5.7344 10.1094 16.3750
v -5.3359 9.0859 18.1562
v -5.3359 9.0859 16.3750
v -4.7578 8.1484 18.1562
v -4.7578 8.1484 16.3750
v -4.0156 7.3359 18.1562
v -4.0156 7.3359 16.3750
v -3.1387 6.6758 16.3750
v -3.1387 6.6758 18.1562
v -2.1523 6.1875 16.3750
v -2.1523 6.1875 18.1562
v -1.0947 5.8906 16.3750
v -1.0947 5.8906 18.1562
v 0.0000 5.7930 16.3750
v 0.0000 5.7930 18.1562
v 0.0000 17.6562 18.1562
v 1.0732 17.5625 18.1562
v 0.0000 17.6562 16.3750
v 1.0732 17.5625 16.3750
v 2.1328 17.2812 18.1562
v 2.1328 17.2812 16.3750
v 3.1191 16.7969 18.1562
v 3.1191 16.7969 16.3750
v 4.0000 16.1406 18.1562
v 4.0000 16.1406 16.3750
v 4.7461 15.3281 16.3750
v 4.7461 15.3281 18.1562
v 5.3281 14.3906 16.3750
v 5.3281 14.3906 18.1562
v 5.7266 13.3672 16.3750
v 5.7266 13.3672 18.1562
v 5.9336 12.2891 16.3750
v 5.9336 12.2891 18.1562
v 5.9336 11.1875 16.3750
v 5.9336 11.1875 18.1562
v 5.7344 10.1094 18.1562
v 5.7344 10.1094 16.3750
v 5.3359 9.0859 18.1562
v 5.3359 9.0859 16.3750
v 4.7578 8.1484 18.1562
v 4.7578 8.1484 16.3750
v 4.0156 7.3359 18.1562
v 4.0156 7.3359 16.3750
v 3.1387 6.6758 16.3750
v 3.1387 6.6758 18.1562
v 2.1523 6.1875 16.3750
v 2.1523 6.1875 18.1562
v 1.0947 5.8906 16.3750
v 1.0947 5.8906 18.1562
v 0.0000 5.7930 16.3750
v 0.0000 5.7930 18.1562
v -14.1562 -23.0938 7.4609
v -13.6875 -22.6250 0.6416
v -14.1562 -23.0938 0.6416
v -14.3281 -23.7500 0.6416
v -13.6875 -22.6250 7.4609
v -14.3281 -23.7500 7.4609
v -13.0469 -22.4531 7.4609
v -13.4922 -22.9688 8.9766
v -13.8203 -23.2969 8.9766
v -13.0469 -22.8438 8.9766
v -13.9453 -23.7500 8.9766
v -13.0469 -22.4531 0.6416
v -12.5938 -22.9688 8.9766
v -13.8203 -24.2031 8.9766
v -14.1562 -24.3906 0.6416
v -12.3984 -22.6250 7.4609
v -12.3984 -22.6250 0.6416
v -11.9297 -23.0938 7.4609
v -12.2656 -23.2969 8.9766
v -11.9297 -23.0938 0.6416
v -14.1562 -24.3906 7.4609
v -13.6875 -24.8594 0.6416
v -13.4922 -24.5312 8.9766
v -13.6875 -24.8594 7.4609
v -13.0469 -25.0312 0.6416
v -13.0469 -25.0312 7.4609
v -13.0469 -24.6406 8.9766
v -12.3984 -24.8594 0.6416
v -12.5938 -24.5312 8.9766
v -12.3984 -24.8594 7.4609
v -11.9297 -24.3906 7.4609
v -11.9297 -24.3906 0.6416
v -12.2656 -24.2031 8.9766
v -11.7578 -23.7500 7.4609
v -12.1406 -23.7500 8.9766
v -12.2656 -23.2969 8.9766
v -11.7578 -23.7500 0.6416
v -11.9297 -23.0938 7.4609
v -11.9297 -23.0938 0.6416
v -5.8008 19.8281 18.0938
v -5.8008 19.8281 8.7500
v -6.4766 19.7031 18.0938
v -6.4766 19.7031 8.7500
v -5.1250 19.7031 8.7500
v -7.0547 19.3125 18.0938
v -5.1250 19.7031 18.0938
v -7.0547 19.3125 8.7500
v -4.5508 19.3125 18.0938
v -7.4297 18.7344 8.7500
v -4.5508 19.3125 8.7500
v -7.4297 18.7344 18.0938
v -4.1758 18.7344 14.1250
v -7.5664 18.0625 8.7500
v -4.1758 18.7344 18.0938
v -7.5664 18.0625 18.0938
v -4.0391 18.0625 14.1250
v -7.4297 17.3906 18.0938
v -4.0391 18.0625 18.0938
v -7.4297 17.3906 8.7500
v -4.1758 17.3906 18.0938
v -7.0547 16.8125 18.0938
v -4.1758 17.3906 14.1250
v -7.0547 16.8125 8.7500
v -4.5508 16.8125 18.0938
v -6.4766 16.4375 14.1250
v -4.5508 16.8125 14.1250
v -6.4766 16.4375 18.0938
v -5.8008 16.2969 18.0938
v -5.8008 16.2969 14.1250
v -5.1250 16.4375 14.1250
v -5.1250 16.4375 18.0938
v -5.8008 16.2969 14.1250
v -5.8008 16.2969 18.0938
v 3.0469 -22.9531 -0.0000
v 3.0469 -22.9531 9.8672
v 7.2070 -22.9531 9.8672
v 7.2070 -22.9531 -0.0000
v 7.2070 -24.9531 10.1875
v 7.2070 -24.9531 -0.0000
v 7.2070 -22.9531 9.8672
v 7.2070 -22.9531 -0.0000
v 7.2070 -26.9531 9.8672
v 7.2070 -26.9531 -0.0000
v 2.9746 -26.9531 9.8672
v 2.9746 -26.9531 -0.0000
v 7.2070 -26.9531 9.8672
v 7.2070 -26.9531 -0.0000
v -12.6562 21.3906 0.5327
v -12.6562 21.3906 2.9043
v -12.6562 21.8594 2.9004
v -12.6562 21.8594 0.5298
v 6.4766 19.7031 18.0938
v 5.8008 19.8281 8.7500
v 5.8008 19.8281 18.0938
v 6.4766 19.7031 8.7500
v 5.1250 19.7031 8.7500
v 7.0547 19.3125 18.0938
v 5.1250 19.7031 18.0938
v 7.0547 19.3125 8.7500
v 4.5508 19.3125 18.0938
v 7.4297 18.7344 8.7500
v 4.5508 19.3125 8.7500
v 7.4297 18.7344 18.0938
v 4.1758 18.7344 14.1250
v 7.5664 18.0625 18.0938
v 4.1758 18.7344 18.0938
v 7.5664 18.0625 8.7500
v 4.0391 18.0625 18.0938
v 7.4297 17.3906 18.0938
v 4.0391 18.0625 14.1250
v 7.4297 17.3906 8.7500
v 4.1758 17.3906 18.0938
v 7.0547 16.8125 18.0938
v 4.1758 17.3906 14.1250
v 7.0547 16.8125 8.7500
v 4.5508 16.8125 18.0938
v 6.4766 16.4375 14.1250
v 4.5508 16.8125 14.1250
v 6.4766 16.4375 18.0938
v 5.8008 16.2969 18.0938
v 5.8008 16.2969 14.1250
v 5.1250 16.4375 14.1250
v 5.1250 16.4375 18.0938
v 5.8008 16.2969 14.1250
v 5.8008 16.2969 18.0938
v 12.6562 11.5234 7.2578
v 12.6562 11.5234 4.8867
v 12.6562 12.0000 7.2539
v 12.6562 12.0000 4.8828
v -14.1875 -0.7427 7.4609
v -14.6562 -1.2139 0.6416
v -14.6562 -1.2139 7.4609
v -14.1875 -0.7427 0.6416
v -13.9922 -1.0771 8.9766
v -13.5391 -0.5703 7.4609
v -14.3203 -1.4062 8.9766
v -13.5391 -0.9561 8.9766
v -13.5391 -0.5703 0.6416
v -13.0859 -1.0771 8.9766
v -14.8281 -1.8574 7.4609
v -14.4453 -1.8574 8.9766
v -14.8281 -1.8574 0.6416
v -14.3203 -2.3086 8.9766
v -12.8984 -0.7427 7.4609
v -12.7578 -1.4062 8.9766
v -12.8984 -0.7427 0.6416
v -12.4297 -1.2139 7.4609
v -12.4297 -1.2139 0.6416
v -14.6562 -2.5000 7.4609
v -14.6562 -2.5000 0.6416
v -13.9922 -2.6367 8.9766
v -14.1875 -2.9727 0.6416
v -14.1875 -2.9727 7.4609
v -13.5391 -3.1445 0.6416
v -13.5391 -3.1445 7.4609
v -13.5391 -2.7578 8.9766
v -12.8984 -2.9727 0.6416
v -13.0859 -2.6367 8.9766
v -12.8984 -2.9727 7.4609
v -12.7578 -2.3086 8.9766
v -12.4297 -2.5000 7.4609
v -12.4297 -2.5000 0.6416
v -12.2500 -1.8574 0.6416
v -12.2500 -1.8574 7.4609
v -12.6406 -1.8574 8.9766
v -12.4297 -1.2139 0.6416
v -12.7578 -1.4062 8.9766
v -12.4297 -1.2139 7.4609
v 12.6562 14.1641 2.9043
v 12.6562 14.6562 0.5356
v 12.6562 14.6562 2.9082
v 12.6562 14.1641 0.5327
v 14.6562 -1.2139 7.4609
v 14.6562 -1.2139 0.6416
v 14.1875 -0.7427 7.4609
v 14.1875 -0.7427 0.6416
v 14.8281 -1.8574 0.6416
v 13.5391 -0.5703 7.4609
v 13.9922 -1.0771 8.9766
v 14.3203 -1.4062 8.9766
v 13.5391 -0.9561 8.9766
v 13.5391 -0.5703 0.6416
v 13.0859 -1.0771 8.9766
v 12.8984 -0.7427 7.4609
v 12.8984 -0.7427 0.6416
v 12.7578 -1.4062 8.9766
v 12.4297 -1.2139 0.6416
v 12.4297 -1.2139 7.4609
v 14.8281 -1.8574 7.6797
v 14.4453 -1.8574 8.9766
v 14.3203 -2.3086 8.9766
v 14.6562 -2.5000 7.4609
v 14.6562 -2.5000 0.6416
v 14.1875 -2.9727 0.6416
v 14.1875 -2.9727 7.4609
v 13.9922 -2.6367 8.9766
v 13.5391 -3.1445 0.6416
v 13.5391 -3.1445 7.4609
v 13.5391 -2.7578 8.9766
v 12.8984 -2.9727 0.6416
v 13.0859 -2.6367 8.9766
v 12.8984 -2.9727 7.4609
v 12.7578 -2.3086 8.9766
v 12.4297 -2.5000 7.4609
v 12.4297 -2.5000 0.6416
v 12.2500 -1.8574 0.6416
v 12.2500 -1.8574 7.4609
v 12.6406 -1.8574 8.9766
v 12.4297 -1.2139 0.6416
v 12.7578 -1.4062 8.9766
v 12.4297 -1.2139 7.4609
v 12.6562 24.0469 4.8867
v 12.6562 25.1094 7.2578
v 12.6562 24.0469 7.2578
v 12.6562 25.1094 4.8867
v -15.8594 6.6445 5.0859
v -15.8594 7.6484 4.1680
v -15.8594 7.6484 5.0859
v -15.8594 9.6953 0.8726
v -15.8594 9.6953 4.1680
v -15.8594 6.6992 0.8726
v -15.8594 5.6406 4.1680
v -15.8594 5.6406 5.0859
v -15.8594 3.4941 0.8726
v -15.8594 3.4980 4.1680
v -15.8594 7.6484 4.1680
v -17.9688 9.7031 5.0859
v -15.8594 7.6484 5.0859
v -17.9688 9.7031 4.1680
v -17.9375 3.6211 5.0859
v -15.8594 5.6406 4.1680
v -15.8594 5.6406 5.0859
v -17.9375 3.6191 4.1680
v -22.0938 7.6484 5.0859
v -22.0938 7.6484 4.1680
v -22.0938 6.6445 5.0859
v -22.0938 9.6953 4.1680
v -22.0938 9.6953 0.8726
v -22.0938 6.6992 0.8726
v -22.0938 5.6406 4.1680
v -22.0938 5.6406 5.0859
v -22.0938 3.4941 0.8726
v -22.0938 3.4980 4.1680
v -22.0938 7.6484 5.0859
v -19.9844 9.6953 5.0859
v -19.9844 9.6953 4.1680
v -22.0938 7.6484 4.1680
v -22.0938 5.6406 4.1680
v -20.0156 3.6211 5.0859
v -22.0938 5.6406 5.0859
v -20.0156 3.6191 4.1680
v -18.9844 9.6953 5.0859
v -17.9688 9.7031 4.1680
v -18.9375 9.6953 0.8726
v -17.9688 9.7031 5.0859
v -15.9375 9.6953 0.8726
v -15.9375 9.6953 4.1680
v -19.9844 9.6953 4.1680
v -19.9844 9.6953 5.0859
v -21.9375 9.6953 0.8726
v -21.9375 9.6953 4.1680
v -13.1719 17.0312 10.5312
v -13.1719 18.0312 0.6206
v -13.1719 17.0312 0.6206
v -13.1719 18.0312 11.1641
v -13.1719 19.0156 10.5312
v -13.1719 19.0156 0.6206
v -10.7656 17.0312 0.6206
v -10.7656 17.0312 10.5312
v -13.1719 17.0312 10.5312
v -13.1719 17.0312 0.6206
v -10.7656 19.0156 10.5312
v -13.1719 19.0156 0.6206
v -13.1719 19.0156 10.5312
v -10.7656 19.0156 0.6206
v 6.7383 21.8750 14.9844
v 4.8633 21.8750 11.1797
v 4.8633 21.8750 14.9844
v 6.7383 21.8750 11.1797
v 6.7383 20.3594 15.2500
v 6.7383 21.8750 11.1797
v 6.7383 21.8750 14.9844
v 6.7383 19.3125 11.1797
v 6.7383 19.8281 15.8516
v 6.7383 19.3125 15.8516
v 4.8633 19.3125 11.1797
v 4.8633 19.3125 15.8516
v 4.8633 19.8281 15.8516
v 4.8633 20.3594 15.2500
v 4.8633 21.8750 11.1797
v 4.8633 21.8750 14.9844
v 2.2715 -6.7227 8.2109
v -2.2715 -6.7227 8.2109
v -2.2715 -6.7227 6.8359
v 2.2715 -6.7227 6.8359
v 2.2715 -6.7227 8.2109
v 2.2715 -2.0430 6.8359
v 2.2715 -2.0430 8.2109
v 2.2715 -6.7227 6.8359
v -2.2715 -6.7227 8.2109
v -2.2715 -2.0430 8.2109
v -2.2715 -2.0430 6.8359
v -2.2715 -6.7227 6.8359
v -11.0000 6.4805 11.5938
v -11.0000 4.3828 9.5078
v -11.0000 4.3828 11.5938
v -11.0000 6.4805 9.5078
v -11.0000 6.4805 11.5938
v -6.9023 6.4805 12.3516
v -6.9023 6.4805 9.5078
v -11.0000 6.4805 9.5078
v -11.0000 4.3828 11.5938
v -6.9023 4.3828 9.5078
v -6.9023 4.3828 12.3516
v -11.0000 4.3828 9.5078
v -12.6562 19.3125 4.6914
v -12.6562 17.5781 2.9121
v -12.6562 17.5781 4.6914
v -12.6562 19.3125 2.9082
v -12.6562 19.7969 3.9180
v -12.6562 19.7969 4.6914
v -12.6562 20.2812 4.3203
v -12.6562 20.2812 4.6914
v -12.6562 20.7656 4.6914
v -12.6562 20.7656 3.9160
v -12.6562 21.2500 4.6914
v -12.6562 21.2500 2.9043
v -12.6562 22.0625 4.6914
v -12.6562 22.0625 2.9004
v -12.6562 22.5312 3.8262
v -12.6562 22.5312 4.6914
v -12.6562 22.9844 4.1914
v -12.6562 22.9844 4.6914
v -12.6562 23.5000 4.6914
v -12.6562 23.5000 3.8223
v -12.6562 24.0000 4.6914
v -12.6562 24.0000 2.8965
v -12.6562 25.1094 4.6914
v -12.6562 25.1094 2.8945
v -12.6562 24.0000 0.6050
v -12.6562 25.1094 0.6035
v -12.6562 11.5234 4.8867
v -12.6562 11.5234 7.2578
v -12.6562 12.0000 7.2539
v -12.6562 12.0000 4.8828
v 12.6562 1.5430 7.2578
v 12.6562 2.1230 4.8867
v 12.6562 2.1230 7.2578
v 12.6562 1.5430 4.8867
v 12.6562 24.0469 2.8965
v 12.6562 24.0469 0.5337
v 12.6562 25.1094 2.8945
v 12.6562 25.1094 0.5317
v 12.8047 -1.8584 8.9453
v 2.7520 -1.8584 8.9453
v 2.7520 -1.8584 6.8281
v 12.8047 -1.8584 6.8281
v -13.0469 -2.6133 6.8164
v -13.0469 -23.2031 0.2434
v -13.0469 -23.2031 6.8164
v -13.0469 -2.6133 0.2434
v 13.5391 -0.9609 12.5859
v 14.0859 -1.3135 12.0625
v 13.5391 -1.0879 12.0625
v 13.5391 -1.0449 9.4141
v 13.0000 -1.3135 12.0625
v 12.9688 -1.2822 9.4141
v 12.9062 -1.2236 12.5859
v 14.1172 -1.2822 9.4141
v 13.5391 -0.7559 13.0156
v 12.7578 -1.0781 13.0156
v 14.1719 -1.2236 12.5859
v 14.3203 -1.0781 13.0156
v 14.3516 -1.8574 9.4141
v 14.6406 -1.8574 13.0156
v 14.3125 -1.8574 12.0625
v 14.4375 -1.8574 12.5859
v 14.0859 -2.4004 12.0625
v 14.1172 -2.4316 9.4141
v 14.1719 -2.4902 12.5859
v 14.3203 -2.6367 13.0156
v 13.5391 -2.6699 9.4141
v 13.5391 -2.9590 13.0156
v 13.5391 -2.6270 12.0625
v 13.5391 -2.7539 12.5859
v 13.0000 -2.4004 12.0625
v 12.9688 -2.4316 9.4141
v 12.9062 -2.4902 12.5859
v 12.7578 -2.6367 13.0156
v 12.7266 -1.8574 9.4141
v 12.4375 -1.8574 13.0156
v 12.7734 -1.8574 12.0625
v 13.0000 -1.3135 12.0625
v 12.9688 -1.2822 9.4141
v 12.6406 -1.8574 12.5859
v 12.9062 -1.2236 12.5859
v 12.7578 -1.0781 13.0156
v 13.0469 -23.2031 0.2434
v 13.0469 -2.6133 6.8164
v 13.0469 -23.2031 6.8164
v 13.0469 -2.6133 0.2434
v -5.7617 -3.6094 11.4766
v -6.4375 -3.4766 6.8281
v -5.7617 -3.6094 6.8281
v -5.0898 -3.4766 6.8281
v -6.4375 -3.4766 11.4766
v -5.0898 -3.4766 11.4766
v -7.0117 -3.0938 6.8281
v -4.5156 -3.0938 6.8281
v -7.0117 -3.0938 11.4766
v -4.5156 -3.0938 11.4766
v -7.3828 -2.5215 11.4766
v -4.1445 -2.5215 11.4766
v -7.3828 -2.5215 6.8281
v -4.1445 -2.5215 6.8281
v -7.5195 -1.8516 11.4766
v -4.0078 -1.8516 11.4766
v -7.5195 -1.8516 6.8281
v -4.0078 -1.8516 6.8281
v -7.3828 -1.1807 6.8281
v -4.1445 -1.1807 6.8281
v -7.3828 -1.1807 11.4766
v -4.1445 -1.1807 11.4766
v -7.0117 -0.6079 11.4766
v -4.5156 -0.6079 11.4766
v -7.0117 -0.6079 6.8281
v -4.5156 -0.6079 6.8281
v -6.4375 -0.2258 11.4766
v -5.0898 -0.2258 6.8281
v -6.4375 -0.2258 6.8281
v -5.7617 -0.0921 11.4766
v -5.7617 -0.0921 6.8281
v -5.0898 -0.2258 11.4766
v -5.7617 -0.0921 6.8281
v -5.7617 -0.0921 11.4766
v 12.6562 4.1367 9.0469
v 12.6562 5.8789 7.2578
v 12.6562 5.8789 9.0469
v 12.6562 4.1367 7.2578
v 12.6562 3.6504 8.2734
v 12.6562 3.6504 9.0469
v 12.6562 3.1660 8.6797
v 12.6562 3.1660 9.0469
v 12.6562 2.6816 9.0469
v 12.6562 2.6816 8.2734
v 12.6562 2.1992 9.0469
v 12.6562 2.1992 7.2578
v 12.6562 1.3945 9.0469
v 12.6562 1.3945 7.2578
v 12.6562 0.9282 8.1797
v 12.6562 0.9282 9.0469
v 12.6562 0.4622 8.5469
v 12.6562 0.4622 9.0469
v 12.6562 -0.0457 9.0469
v 12.6562 -0.0457 8.1797
v 12.6562 -0.5537 9.0469
v 12.6562 -0.5537 7.2578
v 12.6562 -1.6562 7.2578
v 12.6562 -1.6562 9.0469
v 12.6562 -0.5537 4.8867
v 12.6562 -1.6562 4.8828
v 12.6562 14.1016 7.2578
v 12.6562 14.6719 4.8906
v 12.6562 14.6719 7.2617
v 12.6562 14.1016 4.8867
v -12.6562 24.0469 4.8867
v -12.6562 24.0469 7.2578
v -12.6562 25.1094 7.2578
v -12.6562 25.1094 4.8867
v -13.4531 -23.3281 19.6250
v -13.8594 -23.7500 12.9531
v -13.6250 -23.7500 19.6250
v -13.4531 -24.1562 19.6250
v -13.6172 -23.1719 12.9531
v -13.6172 -24.3125 12.9531
v -13.0469 -22.9375 12.9531
v -13.0469 -24.5625 12.9531
v -13.0469 -23.1562 19.6250
v -12.6328 -23.3281 19.6250
v -12.4688 -23.1719 12.9531
v -13.0469 -24.3281 19.6250
v -12.6328 -24.1562 19.6250
v -12.4688 -24.3125 12.9531
v -12.2266 -23.7500 12.9531
v -12.4609 -23.7500 19.6250
v -12.6328 -23.3281 19.6250
v -12.4688 -23.1719 12.9531
v -13.0469 -22.8750 12.5859
v -13.5938 -23.1875 12.0781
v -13.6562 -23.1250 12.5859
v -13.0469 -22.9688 12.0781
v -12.4922 -23.1875 12.0781
v -13.0469 -22.9062 9.4297
v -12.4453 -23.1562 9.4297
v -13.6406 -23.1562 9.4297
v -12.4297 -23.1250 12.5859
v -13.8828 -23.7500 9.4297
v -13.0469 -22.6719 13.0000
v -12.2891 -22.9844 13.0000
v -13.7969 -22.9844 13.0000
v -14.1094 -23.7500 13.0000
v -13.8281 -23.7500 12.0781
v -13.9141 -23.7500 12.5859
v -13.5938 -24.2969 12.0781
v -13.6406 -24.3438 9.4297
v -13.6562 -24.3594 12.5859
v -13.7969 -24.5000 13.0000
v -13.0469 -24.5938 9.4297
v -13.0469 -24.8125 13.0000
v -13.0469 -24.5312 12.0781
v -13.0469 -24.6094 12.5859
v -12.4922 -24.2969 12.0781
v -12.4453 -24.3438 9.4297
v -12.4297 -24.3594 12.5859
v -12.2891 -24.5000 13.0000
v -12.2031 -23.7500 9.4297
v -11.9766 -23.7500 13.0000
v -12.2578 -23.7500 12.0781
v -12.1719 -23.7500 12.5859
v -12.4922 -23.1875 12.0781
v -12.4453 -23.1562 9.4297
v -12.4297 -23.1250 12.5859
v -12.2891 -22.9844 13.0000
v -13.9922 -1.4053 23.4844
v -13.5391 -1.0449 12.9531
v -14.1172 -1.2822 12.9531
v -14.3516 -1.8574 12.9531
v -13.5391 -1.2178 23.4844
v -13.0859 -1.4053 23.4844
v -12.9688 -1.2822 12.9531
v -14.1797 -1.8574 23.4844
v -13.9922 -2.3086 23.4844
v -14.1172 -2.4316 12.9531
v -13.5391 -2.6699 12.9531
v -13.5391 -2.4961 23.4844
v -13.0859 -2.3086 23.4844
v -12.9688 -2.4316 12.9531
v -12.7266 -1.8574 12.9531
v -12.8984 -1.8574 23.4844
v -13.0859 -1.4053 23.4844
v -12.9688 -1.2822 12.9531
v -13.5391 26.2031 12.5859
v -14.0859 25.8594 12.0625
v -14.1719 25.9375 12.5859
v -13.5391 26.0781 12.0625
v -13.0000 25.8594 12.0625
v -13.5391 26.1250 9.4141
v -12.9688 25.8906 9.4141
v -14.1172 25.8906 9.4141
v -12.9062 25.9375 12.5859
v -14.3516 25.3125 9.4141
v -13.5391 26.4062 13.0156
v -12.7578 26.0938 13.0156
v -14.3203 26.0938 13.0156
v -14.6406 25.3125 13.0156
v -14.3125 25.3125 12.0625
v -14.4375 25.3125 12.5859
v -14.0859 24.7656 12.0625
v -14.1172 24.7344 9.4141
v -14.1719 24.6719 12.5859
v -14.3203 24.5312 13.0156
v -13.5391 24.5000 9.4141
v -13.5391 24.2031 13.0156
v -13.5391 24.5469 12.0625
v -13.5391 24.4219 12.5859
v -13.0000 24.7656 12.0625
v -12.9688 24.7344 9.4141
v -12.9062 24.6719 12.5859
v -12.7578 24.5312 13.0156
v -12.7266 25.3125 9.4141
v -12.4375 25.3125 13.0156
v -12.7734 25.3125 12.0625
v -12.6406 25.3125 12.5859
v -13.0000 25.8594 12.0625
v -12.9688 25.8906 9.4141
v -12.9062 25.9375 12.5859
v -12.7578 26.0938 13.0156
v -13.9922 25.7656 23.4844
v -13.5391 26.1250 12.9531
v -14.1172 25.8906 12.9531
v -14.3516 25.3125 12.9531
v -13.5391 25.9531 23.4844
v -13.0859 25.7656 23.4844
v -12.9688 25.8906 12.9531
v -14.1797 25.3125 23.4844
v -13.9922 24.8594 23.4844
v -14.1172 24.7344 12.9531
v -13.5391 24.5000 12.9531
v -13.5391 24.6719 23.4844
v -13.0859 24.8594 23.4844
v -12.9688 24.7344 12.9531
v -12.7266 25.3125 12.9531
v -12.8984 25.3125 23.4844
v -13.0859 25.7656 23.4844
v -12.9688 25.8906 12.9531
v -13.5391 -0.9609 12.5859
v -14.0859 -1.3135 12.0625
v -14.1719 -1.2236 12.5859
v -13.5391 -1.0879 12.0625
v -13.0000 -1.3135 12.0625
v -13.5391 -1.0449 9.4141
v -12.9688 -1.2822 9.4141
v -14.1172 -1.2822 9.4141
v -12.9062 -1.2236 12.5859
v -14.3516 -1.8574 9.4141
v -13.5391 -0.7559 13.0156
v -12.7578 -1.0781 13.0156
v -14.3203 -1.0781 13.0156
v -14.6406 -1.8574 13.0156
v -14.3125 -1.8574 12.0625
v -14.4375 -1.8574 12.5859
v -14.0859 -2.4004 12.0625
v -14.1172 -2.4316 9.4141
v -14.1719 -2.4902 12.5859
v -14.3203 -2.6367 13.0156
v -13.5391 -2.6699 9.4141
v -13.5391 -2.9590 13.0156
v -13.5391 -2.6270 12.0625
v -13.5391 -2.7539 12.5859
v -13.0000 -2.4004 12.0625
v -12.9688 -2.4316 9.4141
v -12.9062 -2.4902 12.5859
v -12.7578 -2.6367 13.0156
v -12.7266 -1.8574 9.4141
v -12.4375 -1.8574 13.0156
v -12.7734 -1.8574 12.0625
v -12.6406 -1.8574 12.5859
v -13.0000 -1.3135 12.0625
v -12.9688 -1.2822 9.4141
v -12.9062 -1.2236 12.5859
v -12.7578 -1.0781 13.0156
vt -0.0000 1.0000
vt -0.0000 1.0000
vt -0.5000 0.5000
vt 0.5000 0.5000
vt -0.5000 0.5000
vt 0.5000 0.5000
vt -1.0000 -0.0000
vt 1.0000 -0.0000
vt -1.0000 0.0000
vt -0.5054 -0.5049
vt -0.5054 -0.5049
vt 1.0000 0.0000
vt 0.5000 -0.5000
vt 0.5000 -0.5000
vt -0.0000 -1.0000
vt -0.0000 -1.0000
vt -0.4949 -0.4954
vt -0.4949 -0.4954
vt 0.0060 -1.0000
vt 0.0060 -1.0000
vt 0.0060 -1.0000
vt 0.0060 -1.0000
vt 0.7075 0.2927
vt 1.0000 0.0000
vt 1.0000 0.0000
vt 0.7075 -0.2927
vt 0.7075 0.2927
vt 0.7075 -0.2927
vt 0.4983 0.5020
vt 0.4983 -0.5020
vt 0.4983 0.5020
vt 0.4983 -0.5020
vt 0.2913 0.7090
vt 0.2913 -0.7090
vt 0.2913 0.7090
vt 0.2913 -0.7090
vt -0.0000 1.0000
vt 0.0000 -1.0000
vt 0.0000 1.0000
vt -0.0000 -1.0000
vt -0.2913 0.7090
vt -0.2913 -0.7090
vt -0.2913 0.7090
vt -0.2913 -0.7090
vt -0.4983 0.5020
vt -0.4983 -0.5020
vt -0.4983 0.5020
vt -0.4983 -0.5020
vt -0.7075 0.2927
vt -0.7075 -0.2927
vt -0.7075 0.2927
vt -1.0000 0.0000
vt -1.0000 0.0000
vt -0.7075 -0.2927
vt -1.0000 0.0000
vt -1.0000 0.0000
vt 0.0000 1.0000
vt 0.0000 1.0000
vt 0.0000 1.0000
vt 0.0000 1.0000
vt 1.0000 -0.0000
vt 1.0000 0.0000
vt 1.0000 0.0000
vt 1.0000 -0.0000
vt 1.0000 -0.0000
vt 1.0000 0.0000
vt -1.0000 -0.0000
vt -1.0000 0.0000
vt -1.0000 -0.0000
vt -1.0000 -0.0000
vt -1.0000 0.0000
vt -1.0000 -0.0000
vt 0.0000 1.0000
vt 0.0000 1.0000
vt 0.0000 1.0000
vt 0.0000 1.0000
vt -1.0000 0.0000
vt -1.0000 0.0000
vt -1.0000 0.0000
vt -1.0000 0.0000
vt 1.0000 -0.0000
vt 1.0000 0.0000
vt 1.0000 0.0000
vt 1.0000 -0.0000
vt -1.0000 0.0000
vt -1.0000 0.0000
vt -1.0000 0.0000
vt -1.0000 0.0000
vt -0.0000 1.0000
vt -0.0000 1.0000
vt -0.0000 1.0000
vt -0.0000 1.0000
vt 0.0000 -1.0000
vt 0.0000 -1.0000
vt 0.0000 -1.0000
vt 0.0000 -1.0000
vt -0.0003 -1.0000
vt 0.0016 -1.0000
vt -0.0007 -1.0000
vt -0.0012 -1.0000
vt 0.0035 -1.0000
vt 0.0000 -0.9995
vt -0.0000 -0.9995
vt 0.0000 -0.9995
vt 0.0000 -0.9995
vt -0.0000 -0.9980
vt 0.0000 -0.9990
vt -0.0011 -1.0000
vt -0.0000 -1.0000
vt 0.0025 -1.0000
vt 0.0000 -0.9995
vt 0.0000 -0.9995
vt 0.0000 -1.0000
vt -0.0000 -0.9995
vt -0.0000 -1.0000
vt -0.0016 -1.0000
vt 0.0004 -1.0000
vt -0.0013 -1.0000
vt -0.0006 -1.0000
vt 0.0000 -0.9995
vt 0.0000 -1.0000
vt 0.0000 -0.9995
vt 0.0000 -0.9995
vt 0.0000 -0.9995
vt 0.0000 -0.9995
vt 0.0000 -0.9995
vt -0.0000 0.9995
vt 0.0000 0.9995
vt 0.0000 0.9995
vt -0.0000 0.9995
vt -0.0000 0.9995
vt -0.0000 0.9995
vt 0.0000 0.9995
vt -0.0052 1.0000
vt -0.0000 0.9995
vt -0.0018 1.0000
vt -0.0000 0.9995
vt -0.0046 1.0000
vt -0.0000 0.9995
vt -0.0017 1.0000
vt -0.0000 0.9995
vt 0.0043 1.0000
vt -0.0000 0.9995
vt 0.0024 1.0000
vt 0.0000 0.9995
vt 0.0001 1.0000
vt 0.0000 0.9995
vt 0.0003 1.0000
vt 0.0000 0.9995
vt 0.0004 1.0000
vt -0.0000 0.9995
vt -0.0000 0.9995
vt 0.0000 0.9995
vt -0.0000 0.9995
vt -0.0000 0.9995
vt -0.0000 0.9995
vt 0.0000 0.9995
vt 0.0000 0.9995
vt 0.0000 0.9995
vt -0.0000 0.9995
vt 0.0000 0.9995
vt -0.0000 1.0000
vt 0.0000 1.0000
vt 0.0000 1.0000
vt 0.0000 1.0000
vt 0.0000 1.0000
vt -0.0000 1.0000
vt -0.0000 1.0000
vt -0.0000 0.9995
vt -0.0000 0.9995
vt -0.0000 0.9995
vt -0.0000 0.9995
vt 1.0000 -0.0000
vt 1.0000 -0.0000
vt 1.0000 -0.0000
vt 1.0000 -0.0000
vt -1.0000 0.0000
vt -1.0000 0.0000
vt -1.0000 0.0000
vt -1.0000 0.0000
vt 0.0000 1.0000
vt 0.0000 1.0000
vt -0.0000 1.0000
vt 0.0000 1.0000
vt -0.0000 -1.0000
vt -0.0000 -1.0000
vt -0.0000 -1.0000
vt -0.0000 -1.0000
vt -0.9990 -0.0042
vt -0.5000 0.5000
vt -1.0000 -0.0010
vt -1.0000 0.0001
vt -0.4998 -0.4998
vt -0.5034 -0.5034
vt -0.4800 -0.4446
vt -0.5000 0.5000
vt -0.9980 -0.0063
vt -0.4844 -0.4189
vt -0.5000 0.5000
vt -0.5000 0.5000
vt -0.0000 1.0000
vt 0.0000 1.0000
vt -0.0000 1.0000
vt 0.0000 1.0000
vt 0.5000 0.5000
vt 0.5000 0.5000
vt 0.5000 0.5000
vt 0.5000 0.5000
vt 1.0000 0.0000
vt 1.0000 -0.0000
vt 1.0000 0.0001
vt 1.0000 -0.0000
vt 0.5000 -0.5000
vt 0.5000 -0.5000
vt 0.5000 -0.5000
vt 0.5000 -0.5000
vt 0.0000 -1.0000
vt -0.0021 -0.9937
vt -0.0000 -0.9990
vt -0.5000 -0.5000
vt -0.4966 -0.4968
vt -0.0011 -0.9956
vt -0.5200 -0.5557
vt -0.5156 -0.5811
vt -0.9976 -0.0006
vt -0.9980 -0.0004
vt -0.9976 -0.0008
vt -0.9980 -0.0004
vt -0.9980 0.0003
vt -0.9985 0.0000
vt -0.9985 -0.0000
vt -0.9980 -0.0003
vt -0.9980 0.0004
vt -0.9980 0.0004
vt -0.9976 0.0006
vt -0.9976 0.0008
vt 0.3660 -0.6338
vt 0.6338 -0.3660
vt 0.6338 -0.3660
vt 0.3660 -0.6338
vt 0.6338 -0.3660
vt 1.0000 0.0000
vt 1.0000 0.0000
vt 0.3660 -0.6338
vt 1.0000 0.0000
vt 0.6338 0.3660
vt 0.6338 0.3660
vt 0.6338 0.3660
vt 0.3711 0.6367
vt 0.3660 0.6338
vt 0.4026 0.6421
vt 0.0000 -1.0000
vt 0.0000 -1.0000
vt -0.0000 -1.0000
vt -0.3660 -0.6338
vt -0.3660 -0.6338
vt -0.3660 -0.6338
vt -0.6338 -0.3660
vt -0.6338 -0.3660
vt -0.6338 -0.3660
vt -1.0000 0.0000
vt -1.0000 -0.0000
vt -1.0000 -0.0000
vt -0.6338 0.3660
vt -0.6338 0.3660
vt -0.6338 0.3660
vt -0.3660 0.6338
vt -0.3660 0.6338
vt -0.3660 0.6338
vt -0.0000 1.0000
vt -0.0000 1.0000
vt -0.0000 1.0000
vt 0.3660 0.6338
vt 0.3411 0.6138
vt 0.3630 0.6294
vt -1.0000 0.0000
vt -1.0000 0.0000
vt -1.0000 0.0000
vt -1.0000 0.0000
vt -0.0000 -1.0000
vt -0.0000 -1.0000
vt -0.0000 -1.0000
vt -0.0000 -1.0000
vt 0.0000 1.0000
vt 0.0000 1.0000
vt 0.0000 1.0000
vt 0.0000 1.0000
vt 0.9995 -0.0000
vt 0.9995 -0.0000
vt 0.9995 -0.0000
vt 0.9995 -0.0000
vt 0.0000 -0.9995
vt -0.0000 -0.9995
vt 0.0000 -0.9995
vt -0.0000 -0.9995
vt 1.0000 -0.0025
vt 1.0000 0.0025
vt 1.0000 0.0000
vt 1.0000 0.0029
vt 1.0000 0.0019
vt 1.0000 0.0008
vt 1.0000 0.0032
vt -0.9995 -0.0000
vt -0.9995 -0.0000
vt -0.9995 -0.0000
vt -0.9995 -0.0000
vt 0.0000 -0.9995
vt 0.0000 -0.9995
vt 0.0000 -0.9995
vt 0.0000 -0.9995
vt -1.0000 -0.0025
vt -1.0000 -0.0025
vt -1.0000 -0.0029
vt -1.0000 -0.0000
vt -1.0000 -0.0019
vt -1.0000 -0.0007
vt -1.0000 -0.0032
vt 1.0000 0.0000
vt 1.0000 0.0000
vt 1.0000 0.0000
vt 1.0000 0.0000
vt 0.0000 1.0000
vt 0.0000 1.0000
vt 0.0000 1.0000
vt 0.0000 1.0000
vt 0.0000 -1.0000
vt 0.0000 -1.0000
vt 0.0000 -1.0000
vt 0.0000 -1.0000
vt 0.0000 -1.0000
vt 0.0000 -1.0000
vt 0.0000 -1.0000
vt 0.0000 -1.0000
vt -1.0000 0.0000
vt -1.0000 0.0000
vt -1.0000 0.0000
vt -1.0000 0.0000
vt 1.0000 0.0000
vt 1.0000 0.0000
vt 1.0000 0.0000
vt 1.0000 0.0000
vt -0.0000 -1.0000
vt -0.0000 -1.0000
vt -0.0000 -1.0000
vt -0.0000 -1.0000
vt 1.0000 0.0000
vt 1.0000 0.0000
vt 1.0000 0.0000
vt 1.0000 0.0000
vt -1.0000 0.0000
vt -1.0000 0.0000
vt -1.0000 0.0000
vt -1.0000 0.0000
vt 1.0000 0.0000
vt 1.0000 0.0000
vt 1.0000 0.0000
vt 1.0000 0.0000
vt 0.0000 -1.0000
vt 0.0000 -1.0000
vt 0.0000 -1.0000
vt 0.0000 -1.0000
vt 0.0000 1.0000
vt 0.0000 1.0000
vt 0.0000 1.0000
vt 0.0000 1.0000
vt -0.5000 0.5000
vt -1.0000 -0.0000
vt -1.0000 0.0000
vt -0.5024 -0.5024
vt -0.5024 -0.5024
vt -0.5000 0.5000
vt 0.0000 1.0000
vt -0.0000 1.0000
vt 0.5000 0.5000
vt 0.5000 0.5000
vt 1.0000 -0.0000
vt 1.0000 -0.0000
vt 0.5000 -0.5000
vt 0.5000 -0.5000
vt -0.0000 -1.0000
vt -0.0000 -1.0000
vt -0.4976 -0.4976
vt -0.4976 -0.4976
vt -0.3660 0.6338
vt -0.6338 0.3660
vt -0.6338 0.3660
vt -0.3660 0.6338
vt -0.0000 1.0000
vt -1.0000 -0.0000
vt -0.6338 0.3660
vt -0.3660 0.6338
vt -1.0000 -0.0000
vt -1.0000 0.0000
vt -0.6338 -0.3660
vt 0.0000 1.0000
vt -0.0000 1.0000
vt 0.3660 0.6338
vt 0.3660 0.6338
vt 0.3660 0.6338
vt 0.6338 0.3660
vt 0.6338 0.3660
vt 0.6338 0.3660
vt 1.0000 0.0000
vt 1.0000 0.0000
vt 1.0000 0.0000
vt 0.6338 -0.3660
vt 0.6338 -0.3660
vt 0.6338 -0.3660
vt 0.3660 -0.6338
vt 0.3660 -0.6338
vt 0.3660 -0.6338
vt 0.0000 -1.0000
vt 0.0000 -1.0000
vt -0.3411 -0.6138
vt -0.0000 -1.0000
vt -0.3630 -0.6294
vt -0.3660 -0.6338
vt -0.6338 -0.3660
vt -0.6338 -0.3660
vt -0.3711 -0.6367
vt -0.3660 -0.6338
vt -0.4026 -0.6421
vt 0.0000 0.9995
vt 0.0000 0.9995
vt 0.0000 0.9995
vt 0.0000 0.9995
vt -0.9990 -0.0044
vt -0.5000 0.5000
vt -1.0000 -0.0011
vt -1.0000 0.0001
vt -0.4968 -0.4966
vt -0.5024 -0.5024
vt -0.4805 -0.4380
vt -0.5000 0.5000
vt -0.9980 -0.0063
vt -0.4844 -0.4189
vt -0.5000 0.5000
vt -0.5000 0.5000
vt -0.0000 1.0000
vt 0.0000 1.0000
vt -0.0000 1.0000
vt 0.0000 1.0000
vt 0.5000 0.5000
vt 0.5000 0.5000
vt 0.5000 0.5000
vt 0.5000 0.5000
vt 1.0000 0.0000
vt 1.0000 -0.0000
vt 1.0000 0.0001
vt 1.0000 -0.0000
vt 0.5000 -0.5000
vt 0.5000 -0.5000
vt 0.5000 -0.5000
vt 0.5000 -0.5000
vt 0.0000 -1.0000
vt -0.0021 -0.9937
vt -0.0000 -0.9985
vt -0.5029 -0.5029
vt -0.4976 -0.4976
vt -0.0013 -0.9951
vt -0.5195 -0.5620
vt -0.5156 -0.5811
vt 0.0000 1.0000
vt 0.0000 1.0000
vt 0.0000 1.0000
vt 0.0000 1.0000
vt -1.0000 0.0000
vt -1.0000 -0.0000
vt -1.0000 0.0000
vt -1.0000 -0.0000
vt -1.0000 -0.0000
vt -1.0000 0.0000
vt 1.0000 -0.0000
vt 1.0000 -0.0000
vt 1.0000 0.0000
vt 1.0000 -0.0000
vt 1.0000 0.0000
vt 1.0000 -0.0000
vt -1.0000 -0.0000
vt -1.0000 -0.0000
vt -1.0000 -0.0000
vt -1.0000 -0.0000
vt 0.0044 1.0000
vt 0.0044 1.0000
vt 0.0044 1.0000
vt 0.0044 1.0000
vt -1.0000 0.0000
vt -1.0000 0.0000
vt -1.0000 0.0000
vt -1.0000 0.0000
vt -0.0000 -1.0000
vt -0.0000 -1.0000
vt -0.0000 -1.0000
vt -0.0000 -1.0000
vt -0.0000 -1.0000
vt 0.0000 -1.0000
vt 0.0000 1.0000
vt 0.0000 1.0000
vt 0.0000 1.0000
vt 0.0000 1.0000
vt 0.0000 1.0000
vt 0.0000 1.0000
vt 0.0000 0.9995
vt -0.0000 0.9995
vt 0.0000 0.9995
vt 0.0000 0.9995
vt -0.0000 0.9995
vt 0.0052 1.0000
vt 0.0000 0.9995
vt 0.0018 1.0000
vt -0.0000 0.9995
vt 0.0046 1.0000
vt 0.0000 0.9995
vt 0.0017 1.0000
vt 0.0000 0.9995
vt -0.0043 1.0000
vt 0.0000 0.9995
vt -0.0024 1.0000
vt 0.0000 0.9995
vt -0.0001 1.0000
vt 0.0000 0.9995
vt -0.0003 1.0000
vt -0.0000 0.9995
vt -0.0004 1.0000
vt -0.0000 0.9995
vt 0.0000 0.9995
vt -0.0000 0.9995
vt 0.0000 0.9995
vt 0.0000 0.9995
vt 0.0000 0.9995
vt -0.0000 0.9995
vt 0.0000 0.9995
vt 0.0000 0.9995
vt -0.0000 0.9995
vt -0.0000 0.9995
vt 0.0000 0.9995
vt 0.0000 0.9995
vt 0.0000 1.0000
vt -0.0000 1.0000
vt -0.0000 1.0000
vt -0.0000 1.0000
vt -0.0000 1.0000
vt 0.0000 1.0000
vt 0.0000 1.0000
vt 0.0000 0.9995
vt 0.0000 0.9995
vt 0.0000 0.9995
vt 0.0000 0.9995
vt 0.9976 -0.0006
vt 0.9976 -0.0008
vt 0.9980 -0.0004
vt 0.9980 -0.0004
vt 0.9980 0.0003
vt 0.9985 0.0000
vt 0.9985 -0.0000
vt 0.9980 -0.0003
vt 0.9980 0.0004
vt 0.9980 0.0004
vt 0.9976 0.0006
vt 0.9976 0.0008
vt -0.0000 1.0000
vt 0.0006 0.9995
vt -0.0002 1.0000
vt 0.0005 0.9995
vt -0.0001 1.0000
vt -0.0001 1.0000
vt -0.0002 1.0000
vt -0.0000 1.0000
vt -0.0001 1.0000
vt -0.0000 1.0000
vt 0.9302 0.0704
vt 0.5078 0.4924
vt 0.5078 0.4924
vt 0.9263 0.0748
vt -0.5078 0.4922
vt -0.5078 0.4922
vt -0.5078 0.4922
vt -0.5078 0.4922
vt -0.5068 0.4932
vt -0.9253 0.0746
vt -0.5068 0.4932
vt -0.9263 0.0742
vt 0.5078 0.4922
vt 0.5078 0.4922
vt 0.5078 0.4922
vt 0.5078 0.4922
vt 0.0000 1.0000
vt 0.0002 1.0000
vt 0.0002 1.0000
vt 0.0001 1.0000
vt 0.0000 1.0000
vt 0.0001 1.0000
vt -0.0006 0.9995
vt 0.0000 1.0000
vt 0.0001 1.0000
vt -0.0005 0.9995
vt -0.9971 -0.0029
vt -0.9263 -0.0740
vt -1.0000 0.0001
vt -0.9985 0.0014
vt -0.9976 0.0027
vt -0.9302 -0.0701
vt -0.9253 0.0745
vt -0.9263 0.0739
vt -1.0000 0.0001
vt -1.0000 -0.0001
vt -1.0000 0.0000
vt -1.0000 0.0000
vt -1.0000 0.0000
vt -1.0000 0.0000
vt -0.0000 1.0000
vt -0.0000 1.0000
vt -0.0000 1.0000
vt -0.0000 1.0000
vt -0.0000 1.0000
vt 0.0000 1.0000
vt 0.0000 -1.0000
vt 0.0000 -1.0000
vt 0.0000 -1.0000
vt 0.0000 -1.0000
vt 0.0000 -1.0000
vt 0.0000 -1.0000
vt 0.7046 0.2954
vt 0.7046 0.2954
vt 0.5962 0.4041
vt 0.5962 0.4041
vt 0.8325 0.1675
vt 0.4956 0.5044
vt 0.8325 0.1675
vt 1.0000 -0.0000
vt 1.0000 0.0000
vt 0.4956 0.5044
vt 0.3948 0.6055
vt 0.3948 0.6055
vt 0.2849 0.7148
vt 0.2849 0.7148
vt 0.2233 0.7769
vt 0.2233 0.7769
vt -0.5962 0.4041
vt -0.7046 0.2954
vt -0.7046 0.2954
vt -0.8325 0.1675
vt -0.5962 0.4041
vt -0.8325 0.1675
vt -1.0000 0.0000
vt -1.0000 0.0000
vt -1.0000 -0.0000
vt -0.4956 0.5044
vt -0.4956 0.5044
vt -0.3948 0.6055
vt -0.3948 0.6055
vt -0.2849 0.7148
vt -0.2849 0.7148
vt -0.2233 0.7769
vt -0.2233 0.7769
vt -0.9995 -0.0000
vt -0.9995 -0.0000
vt -0.9995 0.0000
vt -0.9995 -0.0000
vt -0.9995 -0.0000
vt -0.9995 0.0000
vt -0.9995 0.0000
vt 0.9995 -0.0000
vt 0.9995 0.0000
vt 0.9995 -0.0000
vt 0.9995 0.0000
vt 0.9995 0.0000
vt 0.9995 -0.0000
vt 0.9995 -0.0000
vt 0.0003 -1.0000
vt -0.0017 -1.0000
vt 0.0010 -1.0000
vt 0.0007 -1.0000
vt -0.0034 -1.0000
vt -0.0000 -0.9995
vt 0.0000 -0.9995
vt -0.0000 -0.9995
vt -0.0000 -0.9995
vt 0.0000 -0.9980
vt -0.0000 -0.9990
vt 0.0011 -1.0000
vt 0.0000 -1.0000
vt -0.0025 -1.0000
vt -0.0000 -0.9995
vt -0.0000 -0.9995
vt -0.0000 -1.0000
vt 0.0000 -0.9995
vt 0.0000 -1.0000
vt 0.0016 -1.0000
vt -0.0004 -1.0000
vt 0.0013 -1.0000
vt 0.0006 -1.0000
vt -0.0000 -0.9995
vt 0.0000 -1.0000
vt 0.0000 -0.9995
vt 0.0011 1.0000
vt -0.0000 0.9995
vt 0.0004 1.0000
vt -0.0023 1.0000
vt -0.0035 1.0000
vt -0.0000 0.9995
vt 0.0000 0.9995
vt -0.0000 0.9995
vt -0.0000 0.9995
vt 0.0000 0.9980
vt -0.0000 0.9990
vt 0.0011 1.0000
vt 0.0000 1.0000
vt -0.0025 1.0000
vt -0.0000 0.9995
vt -0.0000 0.9995
vt -0.0000 1.0000
vt 0.0000 0.9995
vt 0.0000 1.0000
vt 0.0016 1.0000
vt -0.0004 1.0000
vt 0.0013 1.0000
vt 0.0006 1.0000
vt -0.0000 0.9995
vt 0.0000 1.0000
vt 0.0000 0.9995
vt 1.0000 0.0000
vt 0.7075 0.2927
vt 0.7075 0.2927
vt 0.4983 0.5020
vt 1.0000 0.0000
vt 0.4983 0.5020
vt 0.7075 -0.2927
vt 0.2913 0.7090
vt 0.7075 -0.2927
vt 0.2913 0.7090
vt 0.4983 -0.5020
vt -0.0000 1.0000
vt 0.4983 -0.5020
vt 0.0000 1.0000
vt 0.2913 -0.7090
vt -0.2913 0.7090
vt 0.2913 -0.7090
vt -0.2913 0.7090
vt -0.0000 -1.0000
vt -0.4983 0.5020
vt 0.0000 -1.0000
vt -0.4983 0.5020
vt -0.2913 -0.7090
vt -0.7075 0.2927
vt -0.2913 -0.7090
vt -0.7075 0.2927
vt -1.0000 0.0000
vt -1.0000 0.0000
vt -0.4983 -0.5020
vt -0.4983 -0.5020
vt -0.7075 -0.2927
vt -0.7075 -0.2927
vt -1.0000 0.0000
vt -1.0000 0.0000
vt 0.0000 -0.9995
vt 0.0000 -0.9995
vt 0.0000 -0.9995
vt 0.0000 -0.9995
vt 0.0000 0.9995
vt 0.0000 0.9995
vt 0.0000 0.9995
vt 0.0000 0.9995
vt -1.0000 -0.0000
vt -1.0000 0.0000
vt -1.0000 -0.0000
vt -1.0000 0.0000
vt 0.0000 -1.0000
vt 0.0000 -1.0000
vt 0.0000 -1.0000
vt 0.0000 -1.0000
vt 0.0000 -1.0000
vt 0.0000 -1.0000
vt -1.0000 -0.0000
vt -1.0000 -0.0000
vt -1.0000 -0.0000
vt -1.0000 -0.0000
vt 1.0000 0.0000
vt 1.0000 0.0000
vt 1.0000 0.0000
vt 1.0000 0.0000
vt 0.0044 1.0000
vt 0.0044 1.0000
vt 0.0044 1.0000
vt 0.0044 1.0000
vt 0.0000 1.0000
vt 0.0000 1.0000
vt 0.0000 1.0000
vt 0.0000 1.0000
vt 0.0000 1.0000
vt 0.0000 1.0000
vt 1.0000 0.0000
vt 1.0000 0.0000
vt 1.0000 0.0000
vt 1.0000 0.0000
vt -1.0000 0.0000
vt -1.0000 0.0000
vt -1.0000 0.0000
vt -1.0000 0.0000
vt 0.0000 0.9995
vt 0.0000 0.9995
vt 0.0000 0.9995
vt 0.0000 0.9995
vt 1.0000 -0.0000
vt 1.0000 -0.0000
vt 1.0000 0.0000
vt 1.0000 0.0000
vt 0.0106 -0.9985
vt 0.0000 -1.0000
vt -0.0009 -1.0000
vt 0.0001 -1.0000
vt 0.0055 -0.9985
vt 0.0386 -0.9976
vt 0.0104 -0.9995
vt -0.0010 -0.9995
vt -0.0002 -1.0000
vt -0.0000 -0.9995
vt -0.0015 -0.9893
vt 0.0000 -0.9990
vt -0.0014 -0.9946
vt -0.0023 -0.9609
vt -0.0007 -0.9893
vt 0.0004 -0.9985
vt 0.0002 -0.9995
vt 0.0004 -1.0000
vt 0.5024 -0.4978
vt 0.9180 -0.0820
vt 0.5039 -0.4966
vt 0.9175 -0.0822
vt -0.5186 -0.4814
vt -0.9189 -0.0775
vt -0.9194 -0.0782
vt -0.5166 -0.4836
vt -0.9180 -0.0826
vt -0.9180 0.0821
vt -0.9180 0.0825
vt -0.9180 -0.0823
vt -0.9995 0.0000
vt -0.9990 0.0001
vt -0.9995 -0.0001
vt -0.9995 -0.0001
vt 0.0010 -1.0000
vt 0.0000 -1.0000
vt 0.0096 -1.0000
vt 0.0000 -1.0000
vt 0.0055 -1.0000
vt 0.0367 -1.0000
vt 0.0101 -1.0000
vt 0.0011 -1.0000
vt 0.0006 -1.0000
vt 0.0001 -1.0000
vt -0.0001 -0.9902
vt 0.0000 -0.9990
vt 0.0000 -0.9946
vt -0.0000 -0.9629
vt -0.0003 -0.9893
vt -0.0004 -0.9985
vt 0.0001 -0.9995
vt 0.0001 -1.0000
vt -0.9180 -0.0820
vt -0.5068 -0.4929
vt -0.9180 -0.0819
vt -0.5063 -0.4932
vt 0.5195 -0.4807
vt 0.9224 -0.0785
vt 0.5195 -0.4807
vt 0.9224 -0.0781
vt -0.9224 0.0790
vt -0.9224 -0.0794
vt -0.9224 0.0817
vt -0.9219 -0.0789
vt -0.9995 -0.0000
vt -0.9990 -0.0000
vt -0.9995 -0.0000
vt -0.9995 -0.0000
vt -0.9995 -0.0000
vt -0.9995 -0.0000
vt -0.9995 -0.0000
vt -0.9995 -0.0000
vt -0.9995 -0.0000
vt -0.9995 -0.0000
vt -0.9995 -0.0000
vt -0.9995 -0.0000
vt -0.9995 -0.0000
vt -0.9995 -0.0000
vt -0.9995 -0.0000
vt -0.9995 -0.0000
vt 0.0000 -0.9995
vt 0.0000 -0.9995
vt -0.0000 -0.9995
vt 0.0000 -0.9995
vt 0.0000 -0.9995
vt 0.0000 -0.9995
vt -0.0000 -0.9995
vt 0.0000 -0.9995
vt 0.0000 -0.9995
vt -0.0000 -0.9995
vt 0.0000 -0.9995
vt -0.0000 -0.9995
vt 0.0000 -0.9995
vt 0.0000 -0.9995
vt 0.0000 -0.9995
vt 0.0000 -0.9995
vt 0.0000 -1.0000
vt -0.0000 -0.9995
vt -0.0000 -1.0000
vt -0.0000 -0.9990
vt 0.0000 -0.9995
vt -0.0000 -0.9995
vt 0.0000 -0.9995
vt -0.0000 -0.9995
vt 0.0000 -0.9995
vt 0.0000 -0.9995
vt 0.0000 0.9995
vt -0.0000 0.9995
vt 0.0000 0.9995
vt 0.0000 0.9995
vt 0.0000 0.9995
vt 0.0000 0.9995
vt -0.0000 0.9995
vt 0.0000 0.9995
vt 0.0000 0.9995
vt -0.0000 0.9995
vt 0.0000 0.9995
vt -0.0000 0.9995
vt 0.0000 0.9995
vt 0.0000 0.9995
vt 0.0000 0.9995
vt 0.0000 0.9995
vt 0.0000 1.0000
vt -0.0000 0.9995
vt -0.0000 1.0000
vt -0.0000 0.9990
vt 0.0000 0.9995
vt -0.0000 0.9995
vt 0.0000 0.9995
vt -0.0000 0.9995
vt 0.0000 0.9995
vt 0.0000 0.9995
vt -0.5000 0.5000
vt -1.0000 -0.0000
vt -1.0000 0.0000
vt -0.5024 -0.5024
vt -0.5024 -0.5024
vt -0.5000 0.5000
vt 0.0000 1.0000
vt -0.0000 1.0000
vt 0.5000 0.5000
vt 0.5000 0.5000
vt 1.0000 0.0000
vt 1.0000 -0.0000
vt 0.5000 -0.5000
vt 0.5000 -0.5000
vt -0.0000 -1.0000
vt -0.0000 -1.0000
vt -0.4976 -0.4976
vt -0.4976 -0.4976
vt -0.2957 0.7046
vt -0.2957 0.7046
vt -0.4041 0.5957
vt -0.4041 0.5957
vt -0.1676 0.8325
vt -0.5049 0.4954
vt -0.1676 0.8325
vt 0.0000 1.0000
vt 0.0000 1.0000
vt -0.5049 0.4954
vt -0.6055 0.3945
vt -0.6055 0.3945
vt -0.7153 0.2847
vt -0.7153 0.2847
vt -0.6289 0.3713
vt -0.6289 0.3713
vt -0.4451 0.5552
vt -0.4451 0.5552
vt -0.4041 -0.5957
vt -0.2957 -0.7046
vt -0.2957 -0.7046
vt -0.1676 -0.8325
vt -0.4041 -0.5957
vt -0.1676 -0.8325
vt -0.0000 -1.0000
vt -0.0000 -1.0000
vt -0.5049 -0.4954
vt -0.5049 -0.4954
vt -0.6055 -0.3945
vt -0.6055 -0.3945
vt -0.7153 -0.2847
vt -0.7153 -0.2847
vt -0.6289 -0.3713
vt -0.6289 -0.3713
vt -0.4451 -0.5552
vt -0.4451 -0.5552
vt -0.0000 -1.0000
vt -0.0000 -1.0000
vt -0.0000 -1.0000
vt -0.0000 -1.0000
vt 1.0000 -0.0000
vt 1.0000 -0.0000
vt 1.0000 -0.0000
vt 1.0000 -0.0000
vt 1.0000 0.0000
vt 1.0000 0.0000
vt -1.0000 -0.0000
vt -1.0000 -0.0000
vt -1.0000 0.0000
vt -1.0000 -0.0000
vt -1.0000 0.0000
vt -1.0000 -0.0000
vt -0.3660 -0.6338
vt -0.6338 -0.3660
vt -0.3660 -0.6338
vt -0.0000 -1.0000
vt -0.6338 -0.3660
vt 0.0000 -1.0000
vt -1.0000 0.0000
vt -1.0000 0.0000
vt -0.6338 -0.3660
vt -0.3660 -0.6338
vt -1.0000 0.0000
vt -0.0000 -1.0000
vt -0.6338 0.3660
vt 0.3660 -0.6338
vt -0.6338 0.3660
vt 0.3660 -0.6338
vt 0.3660 -0.6338
vt 0.6338 -0.3660
vt 0.6338 -0.3660
vt -0.6338 0.3660
vt -0.3711 0.6367
vt -0.4026 0.6421
vt -0.3660 0.6338
vt 0.6338 -0.3660
vt 1.0000 0.0000
vt 1.0000 -0.0000
vt 1.0000 -0.0000
vt 0.6338 0.3660
vt 0.6338 0.3660
vt 0.6338 0.3660
vt 0.3660 0.6338
vt 0.3660 0.6338
vt 0.3660 0.6338
vt 0.0000 1.0000
vt 0.0000 1.0000
vt 0.0000 1.0000
vt -0.3660 0.6338
vt -0.3411 0.6138
vt -0.3630 0.6294
vt 0.0000 0.9995
vt 0.0000 0.9995
vt 0.0000 0.9995
vt 0.0000 0.9995
vt 0.0000 -1.0000
vt 0.0000 -1.0000
vt 0.0000 -1.0000
vt 0.0000 -1.0000
vt -1.0000 -0.0000
vt -1.0000 0.0000
vt -1.0000 0.0000
vt -1.0000 -0.0000
vt -1.0000 -0.0000
vt -1.0000 0.0000
vt 1.0000 -0.0000
vt 1.0000 0.0000
vt 1.0000 -0.0000
vt 1.0000 -0.0000
vt 1.0000 0.0000
vt 1.0000 -0.0000
vt -1.0000 0.0000
vt -0.7075 -0.2927
vt -0.7075 -0.2927
vt -1.0000 0.0000
vt -0.4983 -0.5020
vt -0.7075 0.2927
vt -0.4983 -0.5020
vt -0.7075 0.2927
vt -0.2913 -0.7090
vt -0.4983 0.5020
vt -0.2913 -0.7090
vt -0.4983 0.5020
vt 0.0000 -1.0000
vt -0.2913 0.7090
vt 0.0000 -1.0000
vt -0.2913 0.7090
vt 0.2644 -0.7354
vt 0.0000 1.0000
vt 0.1776 -0.8223
vt 0.0000 1.0000
vt 0.4294 -0.5703
vt 0.2644 0.7354
vt 0.4531 -0.5469
vt 0.1776 0.8223
vt 0.7075 -0.2927
vt 0.4294 0.5703
vt 0.7075 -0.2927
vt 1.0000 -0.0000
vt 1.0000 0.0000
vt 0.4531 0.5469
vt 0.7075 0.2927
vt 0.7075 0.2927
vt 1.0000 0.0000
vt 1.0000 -0.0000
vt -0.7046 -0.2954
vt -0.7046 -0.2954
vt -0.5962 -0.4041
vt -0.5962 -0.4041
vt -0.8325 -0.1675
vt -0.4956 -0.5044
vt -0.8325 -0.1675
vt -1.0000 0.0000
vt -1.0000 -0.0000
vt -0.4956 -0.5044
vt -0.3948 -0.6055
vt -0.3948 -0.6055
vt -0.2849 -0.7148
vt -0.2849 -0.7148
vt -0.2233 -0.7769
vt -0.2233 -0.7769
vt 0.5962 -0.4041
vt 0.7046 -0.2954
vt 0.7046 -0.2954
vt 0.8325 -0.1675
vt 0.5962 -0.4041
vt 0.8325 -0.1675
vt 1.0000 -0.0000
vt 1.0000 -0.0000
vt 1.0000 0.0000
vt 0.4956 -0.5044
vt 0.4956 -0.5044
vt 0.3948 -0.6055
vt 0.3948 -0.6055
vt 0.2849 -0.7148
vt 0.2849 -0.7148
vt 0.2233 -0.7769
vt 0.2233 -0.7769
vt 0.0000 0.9995
vt 0.0000 0.9995
vt 0.0000 0.9995
vt 0.0000 0.9995
vt 0.9995 -0.0000
vt 0.9995 -0.0000
vt 0.9995 -0.0000
vt 0.9995 -0.0000
vt 0.0000 0.9995
vt 0.0000 0.9995
vt 0.0000 0.9995
vt 0.0000 0.9995
vt -0.0000 0.9995
vt 0.0000 0.9995
vt -0.9995 -0.0000
vt -0.9995 -0.0000
vt -0.9995 -0.0000
vt -0.9995 -0.0000
vt 0.0000 1.0000
vt 0.0000 1.0000
vt 0.0000 1.0000
vt 0.0000 1.0000
vt 0.0000 1.0000
vt 0.0000 1.0000
vt -1.0000 0.0000
vt -1.0000 0.0000
vt -1.0000 0.0000
vt -1.0000 0.0000
vt 1.0000 0.0000
vt 1.0000 0.0000
vt 1.0000 0.0000
vt 1.0000 0.0000
vt 0.0000 0.9995
vt -0.0000 0.9995
vt 0.0000 0.9995
vt 0.0000 0.9995
vt -0.0000 0.9995
vt 0.0052 1.0000
vt 0.0000 0.9995
vt 0.0018 1.0000
vt -0.0000 0.9995
vt 0.0046 1.0000
vt 0.0000 0.9995
vt 0.0017 1.0000
vt 0.0000 0.9995
vt -0.0043 1.0000
vt 0.0000 0.9995
vt -0.0024 1.0000
vt 0.0000 0.9995
vt -0.0001 1.0000
vt 0.0000 0.9995
vt -0.0003 1.0000
vt -0.0000 0.9995
vt -0.0004 1.0000
vt -0.0000 0.9995
vt 0.0000 0.9995
vt -0.0000 0.9995
vt 0.0000 0.9995
vt 0.0000 0.9995
vt 0.0000 0.9995
vt -0.0000 0.9995
vt 0.0000 0.9995
vt 0.0000 0.9995
vt -0.0000 0.9995
vt -0.0000 0.9995
vt 0.0000 0.9995
vt 0.0000 0.9995
vt 0.0000 1.0000
vt -0.0000 1.0000
vt -0.0000 1.0000
vt -0.0000 1.0000
vt -0.0000 1.0000
vt 0.0000 1.0000
vt 0.0000 1.0000
vt 0.0000 0.9995
vt 0.0000 0.9995
vt 0.0000 0.9995
vt 0.0000 0.9995
vt 0.0000 0.9995
vt 0.0000 0.9995
vt 0.0000 0.9995
vt 0.0000 0.9995
vt 0.0060 -1.0000
vt 0.0060 -1.0000
vt 0.0060 -1.0000
vt 0.0060 -1.0000
vt 0.0000 0.9995
vt 0.0000 0.9995
vt 0.0000 0.9995
vt 0.0000 0.9995
vt 0.0000 0.9995
vt 0.0000 0.9995
vt -0.0000 0.9995
vt 0.0000 0.9995
vt -0.0001 0.9995
vt -0.0001 0.9995
vt -0.0001 0.9990
vt -0.0001 0.9990
vt -0.0002 0.9990
vt -0.0001 0.9990
vt -0.0002 0.9990
vt -0.0001 0.9990
vt -0.0002 0.9990
vt -0.0002 0.9990
vt -0.0000 0.9995
vt -0.0000 0.9995
vt 0.0001 -1.0000
vt 0.0001 -1.0000
vt 0.0001 -1.0000
vt 0.0001 -1.0000
vt 0.0001 -1.0000
vt 0.0001 -1.0000
vt 0.0021 0.9927
vt 0.0013 0.9956
vt -0.0012 1.0000
vt 0.0001 0.9941
vt -0.0064 1.0000
vt -0.0050 0.9990
vt -0.0021 0.9980
vt -0.0000 1.0000
vt 0.0017 0.9980
vt 0.0028 0.9966
vt 0.0014 0.9980
vt 0.0031 0.9961
vt 0.0004 0.9980
vt 0.0006 0.9971
vt 0.0005 0.9976
vt 0.0004 0.9980
vt -0.0000 -1.0000
vt 0.0000 -1.0000
vt -0.0000 -1.0000
vt 0.0000 -1.0000
vt 0.0000 -1.0000
vt 0.0001 -1.0000
vt -0.0000 1.0000
vt -0.0000 0.9995
vt -0.0001 0.9995
vt 0.0001 1.0000
vt -0.0028 0.9966
vt -0.0017 0.9980
vt -0.0031 0.9961
vt -0.0014 0.9980
vt -0.0021 0.9927
vt -0.0013 0.9956
vt -0.0001 0.9951
vt 0.0001 1.0000
vt 0.0063 1.0000
vt -0.0041 1.0000
vt -0.0003 0.9995
vt 0.0000 1.0000
vt -1.0000 0.0001
vt -0.9995 0.0007
vt -1.0000 -0.0001
vt -1.0000 0.0001
vt -0.9995 0.0008
vt -0.9995 0.0006
vt -1.0000 0.0002
vt -1.0000 0.0003
vt -1.0000 0.0002
vt -0.9995 -0.0007
vt -1.0000 -0.0001
vt -1.0000 0.0001
vt -1.0000 -0.0002
vt -0.9995 0.0007
vt -1.0000 -0.0002
vt -1.0000 -0.0003
vt -0.9995 -0.0008
vt -1.0000 -0.0001
vt -0.9995 -0.0007
vt -0.9995 -0.0006
vt -1.0000 0.0001
vt -1.0000 0.0001
vt 1.0000 -0.0000
vt 1.0000 -0.0000
vt 1.0000 -0.0000
vt 1.0000 0.0000
vt 1.0000 0.0000
vt 1.0000 0.0000
vt 1.0000 0.0000
vt 1.0000 0.0000
vt 1.0000 0.0000
vt 1.0000 0.0001
vt 1.0000 0.0000
vt 1.0000 0.0001
vt 1.0000 0.0000
vt 1.0000 0.0000
vt 1.0000 0.0000
vt 1.0000 0.0000
vt 0.9990 -0.0000
vt 0.9980 0.0000
vt 1.0000 -0.0000
vt 1.0000 0.0010
vt 0.9980 -0.0000
vt 1.0000 0.0011
vt 0.9995 -0.0000
vt 1.0000 0.0007
vt 0.9956 -0.0000
vt 0.9951 -0.0000
vt 0.9951 0.0000
vt 0.9951 0.0000
vt 1.0000 0.0004
vt 0.9966 0.0000
vt 1.0000 -0.0000
vt 0.9995 -0.0000
vt 1.0000 0.0000
vt 1.0000 0.0040
vt 1.0000 0.0046
vt 1.0000 -0.0046
vt 1.0000 -0.0060
vt 0.9995 -0.0000
vt 1.0000 -0.0037
vt 1.0000 0.0000
vt 1.0000 0.0006
vt 1.0000 0.0000
vt 0.0001 0.9995
vt 0.0000 1.0000
vt 0.0000 1.0000
vt -0.0001 1.0000
vt -0.0002 0.9995
vt -0.0019 0.9976
vt -0.0022 0.9976
vt 0.0001 1.0000
vt 0.0002 0.9995
vt 0.0019 0.9976
vt -0.0001 1.0000
vt 0.0022 0.9976
vt -0.0004 0.9980
vt -0.0006 0.9971
vt -0.0005 0.9976
vt -0.0004 0.9980
vt 0.2957 -0.7046
vt 0.2957 -0.7046
vt 0.4041 -0.5957
vt 0.4041 -0.5957
vt 0.1676 -0.8325
vt 0.5049 -0.4954
vt 0.1676 -0.8325
vt -0.0000 -1.0000
vt -0.0000 -1.0000
vt 0.5049 -0.4954
vt 0.6055 -0.3945
vt 0.6055 -0.3945
vt 0.7153 -0.2847
vt 0.7153 -0.2847
vt 0.6289 -0.3713
vt 0.6289 -0.3713
vt 0.4451 -0.5552
vt 0.4451 -0.5552
vt 0.4041 0.5957
vt 0.2957 0.7046
vt 0.2957 0.7046
vt 0.1676 0.8325
vt 0.4041 0.5957
vt 0.1676 0.8325
vt 0.0000 1.0000
vt 0.0000 1.0000
vt 0.0000 1.0000
vt 0.5049 0.4954
vt 0.5049 0.4954
vt 0.6055 0.3945
vt 0.6055 0.3945
vt 0.7153 0.2847
vt 0.7153 0.2847
vt 0.6289 0.3713
vt 0.6289 0.3713
vt 0.4451 0.5552
vt 0.4451 0.5552
vt -0.0000 0.9995
vt -0.0000 0.9995
vt 0.0000 0.9995
vt -0.0000 0.9995
vt -0.0000 0.9995
vt -0.0000 0.9995
vt 0.0000 0.9995
vt -0.0000 0.9995
vt -0.0000 0.9995
vt 0.0000 0.9995
vt -0.0000 0.9995
vt 0.0000 0.9995
vt -0.0000 0.9995
vt -0.0000 0.9995
vt -0.0000 0.9995
vt -0.0000 0.9995
vt -0.0000 1.0000
vt 0.0000 0.9995
vt 0.0000 1.0000
vt 0.0000 0.9990
vt -0.0000 0.9995
vt 0.0000 0.9995
vt -0.0000 0.9995
vt 0.0000 0.9995
vt 0.0000 0.9995
vt 0.0000 0.9995
vt -1.0000 0.0000
vt -1.0000 0.0001
vt -1.0000 0.0001
vt -1.0000 0.0000
vt -1.0000 0.0000
vt -1.0000 0.0000
vt -1.0000 0.0000
vt -0.0000 0.9995
vt 0.0000 0.9995
vt 0.0000 0.9995
vt -0.0000 0.9995
vt -0.0000 0.9995
vt -0.0000 0.9995
vt 0.0000 0.9995
vt -0.0052 1.0000
vt -0.0000 0.9995
vt -0.0018 1.0000
vt -0.0000 0.9995
vt -0.0046 1.0000
vt -0.0000 0.9995
vt -0.0017 1.0000
vt -0.0000 0.9995
vt 0.0043 1.0000
vt -0.0000 0.9995
vt 0.0024 1.0000
vt 0.0000 0.9995
vt 0.0001 1.0000
vt 0.0000 0.9995
vt 0.0003 1.0000
vt 0.0000 0.9995
vt 0.0004 1.0000
vt -0.0000 0.9995
vt -0.0000 0.9995
vt 0.0000 0.9995
vt -0.0000 0.9995
vt -0.0000 0.9995
vt -0.0000 0.9995
vt 0.0000 0.9995
vt 0.0000 0.9995
vt 0.0000 0.9995
vt -0.0000 0.9995
vt 0.0000 0.9995
vt -0.0000 1.0000
vt 0.0000 1.0000
vt 0.0000 1.0000
vt 0.0000 1.0000
vt 0.0000 1.0000
vt -0.0000 1.0000
vt -0.0000 1.0000
vt -0.0000 0.9995
vt -0.0000 0.9995
vt -0.0000 0.9995
vt -0.0000 0.9995
vt 0.0048 1.0000
vt 0.0048 1.0000
vt 0.0049 1.0000
vt 0.0048 1.0000
vt -0.7075 0.2927
vt -1.0000 0.0000
vt -1.0000 0.0000
vt -0.7075 -0.2927
vt -0.7075 0.2927
vt -0.7075 -0.2927
vt -0.4983 0.5020
vt -0.5894 -0.4106
vt -0.4983 0.5020
vt -0.5156 -0.4846
vt -0.2913 0.7090
vt -0.3477 -0.6523
vt -0.2913 0.7090
vt -0.3191 -0.6812
vt -0.0000 1.0000
vt 0.0000 -1.0000
vt 0.0000 1.0000
vt -0.0000 -1.0000
vt 0.2913 0.7090
vt 0.2913 -0.7090
vt 0.2913 0.7090
vt 0.2913 -0.7090
vt 0.4062 0.5938
vt 0.4983 -0.5020
vt 0.4810 0.5190
vt 0.4983 -0.5020
vt 0.6489 0.3511
vt 0.7075 -0.2927
vt 0.6787 0.3213
vt 1.0000 0.0000
vt 1.0000 0.0000
vt 0.7075 -0.2927
vt 1.0000 0.0000
vt 1.0000 0.0000
vt 1.0000 -0.0000
vt 1.0000 -0.0001
vt 1.0000 -0.0001
vt 1.0000 -0.0000
vt 1.0000 -0.0000
vt 1.0000 -0.0000
vt 1.0000 -0.0000
vt -0.9976 -0.0007
vt -0.9976 -0.0004
vt -0.9976 -0.0008
vt -0.9976 -0.0005
vt -0.9980 0.0002
vt -0.9980 0.0000
vt -0.9980 -0.0000
vt -0.9980 -0.0002
vt -0.9976 0.0004
vt -0.9976 0.0005
vt -0.9976 0.0007
vt -0.9976 0.0008
vt 0.0000 0.9995
vt 0.0000 0.9995
vt 0.0000 0.9995
vt 0.0000 0.9995
vt 0.7075 -0.2927
vt 1.0000 -0.0000
vt 1.0000 0.0000
vt 0.7075 0.2927
vt 0.7075 -0.2927
vt 0.7075 0.2927
vt 0.4983 -0.5020
vt 0.4983 0.5020
vt 0.4983 -0.5020
vt 0.4983 0.5020
vt 0.2913 -0.7090
vt 0.2913 0.7090
vt 0.2913 -0.7090
vt 0.2913 0.7090
vt 0.0000 -1.0000
vt 0.0000 1.0000
vt -0.0000 -1.0000
vt -0.0000 1.0000
vt -0.1776 -0.8223
vt -0.1776 0.8223
vt -0.2644 -0.7354
vt -0.2644 0.7354
vt -0.4294 -0.5703
vt -0.4294 0.5703
vt -0.4531 -0.5469
vt -0.4531 0.5469
vt -0.7075 -0.2927
vt -0.7075 0.2927
vt -0.7075 -0.2927
vt -1.0000 -0.0000
vt -1.0000 0.0000
vt -0.7075 0.2927
vt -1.0000 0.0000
vt -1.0000 -0.0000
vt 1.0000 0.0000
vt 1.0000 0.0000
vt 0.7075 0.2927
vt 0.7075 0.2927
vt 0.7075 -0.2927
vt 0.4983 0.5020
vt 0.7075 -0.2927
vt 0.4983 0.5020
vt 0.5894 -0.4106
vt 0.2913 0.7090
vt 0.5156 -0.4846
vt 0.2913 0.7090
vt 0.3477 -0.6523
vt 0.0000 1.0000
vt 0.3191 -0.6812
vt 0.0000 1.0000
vt 0.0000 -1.0000
vt -0.2913 0.7090
vt -0.0000 -1.0000
vt -0.2913 0.7090
vt -0.2913 -0.7090
vt -0.4810 0.5190
vt -0.2913 -0.7090
vt -0.4062 0.5938
vt -0.4983 -0.5020
vt -0.6489 0.3511
vt -0.4983 -0.5020
vt -0.6787 0.3213
vt -1.0000 0.0000
vt -1.0000 0.0000
vt -0.7075 -0.2927
vt -0.7075 -0.2927
vt -1.0000 0.0000
vt -1.0000 0.0000
vt 1.0000 0.0000
vt 1.0000 0.0000
vt 1.0000 0.0000
vt 1.0000 0.0000
vt 0.0000 1.0000
vt 0.0000 1.0000
vt 0.0000 1.0000
vt 0.0000 1.0000
vt 0.0000 1.0000
vt 0.0000 1.0000
vt 0.0000 -1.0000
vt 0.0000 -1.0000
vt 0.0000 -1.0000
vt 0.0000 -1.0000
vt 0.0000 -1.0000
vt 0.0000 -1.0000
vt -1.0000 0.0000
vt -1.0000 0.0000
vt -0.8467 -0.1536
vt -0.8467 -0.1536
vt -0.7246 -0.2754
vt -0.7246 -0.2754
vt -0.6206 -0.3794
vt -0.6206 -0.3794
vt -0.5259 -0.4744
vt -0.5259 -0.4744
vt -0.4326 -0.5674
vt -0.4326 -0.5674
vt -0.3345 -0.6655
vt -0.3345 -0.6655
vt -0.2235 -0.7769
vt -0.2235 -0.7769
vt -0.0868 -0.9136
vt -0.0868 -0.9136
vt 0.0839 -0.9165
vt 0.0839 -0.9165
vt 0.2214 -0.7793
vt 0.2214 -0.7793
vt 0.3325 -0.6675
vt 0.3325 -0.6675
vt 0.4304 -0.5693
vt 0.4304 -0.5693
vt 0.5239 -0.4761
vt 0.5239 -0.4761
vt 0.6187 -0.3813
vt 0.6187 -0.3813
vt 0.7227 -0.2776
vt 0.7227 -0.2776
vt 0.8452 -0.1550
vt 0.8452 -0.1550
vt 1.0000 0.0002
vt 1.0000 0.0002
vt 1.0000 0.0000
vt 0.8467 -0.1536
vt 1.0000 0.0000
vt 0.8467 -0.1536
vt 0.7246 -0.2754
vt 0.7246 -0.2754
vt 0.6206 -0.3794
vt 0.6206 -0.3794
vt 0.5259 -0.4744
vt 0.5259 -0.4744
vt 0.4326 -0.5674
vt 0.4326 -0.5674
vt 0.3345 -0.6655
vt 0.3345 -0.6655
vt 0.2235 -0.7769
vt 0.2235 -0.7769
vt 0.0868 -0.9136
vt 0.0868 -0.9136
vt -0.0839 -0.9165
vt -0.0839 -0.9165
vt -0.2214 -0.7793
vt -0.2214 -0.7793
vt -0.3325 -0.6675
vt -0.3325 -0.6675
vt -0.4304 -0.5693
vt -0.4304 -0.5693
vt -0.5239 -0.4761
vt -0.5239 -0.4761
vt -0.6187 -0.3813
vt -0.6187 -0.3813
vt -0.7227 -0.2776
vt -0.7227 -0.2776
vt -0.8452 -0.1550
vt -0.8452 -0.1550
vt -1.0000 0.0002
vt -1.0000 0.0002
vt 0.3660 0.6338
vt 0.6338 0.3660
vt 0.3660 0.6338
vt 0.0000 1.0000
vt 0.6338 0.3660
vt -0.0000 1.0000
vt 1.0000 -0.0000
vt 0.6338 0.3660
vt 0.3660 0.6338
vt 1.0000 -0.0000
vt 0.0000 1.0000
vt 1.0000 0.0000
vt 0.6338 -0.3660
vt -0.3660 0.6338
vt -0.3660 0.6338
vt 0.6338 -0.3660
vt 0.6338 -0.3660
vt 0.3711 -0.6367
vt 0.4026 -0.6421
vt 0.3660 -0.6338
vt -0.3660 0.6338
vt -0.6338 0.3660
vt -0.6338 0.3660
vt -0.6338 0.3660
vt -1.0000 0.0000
vt -1.0000 0.0000
vt -1.0000 0.0000
vt -0.6338 -0.3660
vt -0.6338 -0.3660
vt -0.6338 -0.3660
vt -0.3660 -0.6338
vt -0.3660 -0.6338
vt -0.3660 -0.6338
vt -0.0000 -1.0000
vt -0.0000 -1.0000
vt 0.3411 -0.6138
vt 0.0000 -1.0000
vt 0.3630 -0.6294
vt 0.3660 -0.6338
vt -1.0000 0.0000
vt -1.0000 0.0000
vt -0.7075 -0.2927
vt -0.7075 -0.2927
vt -0.7075 0.2927
vt -0.4983 -0.5020
vt -0.7075 0.2927
vt -0.4983 -0.5020
vt -0.5156 0.4846
vt -0.2913 -0.7090
vt -0.5894 0.4106
vt -0.2913 -0.7090
vt -0.3477 0.6523
vt -0.0000 -1.0000
vt -0.3191 0.6812
vt -0.0000 -1.0000
vt 0.0000 1.0000
vt 0.2913 -0.7090
vt -0.0000 1.0000
vt 0.2913 -0.7090
vt 0.2913 0.7090
vt 0.4810 -0.5190
vt 0.2913 0.7090
vt 0.4062 -0.5938
vt 0.4983 0.5020
vt 0.6489 -0.3511
vt 0.4983 0.5020
vt 0.6787 -0.3213
vt 1.0000 0.0000
vt 1.0000 0.0000
vt 0.7075 0.2927
vt 0.7075 0.2927
vt 1.0000 0.0000
vt 1.0000 0.0000
vt -0.9995 -0.0000
vt -0.9995 -0.0000
vt -0.9995 -0.0000
vt -0.9995 -0.0000
vt -0.0000 0.9995
vt -0.0000 0.9995
vt -0.0000 0.9995
vt -0.0000 0.9995
vt 0.0000 0.9995
vt -0.0000 0.9995
vt 0.9995 -0.0000
vt 0.9995 -0.0000
vt 0.9995 -0.0000
vt 0.9995 -0.0000
vt 0.0000 -0.9995
vt 0.0000 -0.9995
vt 0.0000 -0.9995
vt 0.0000 -0.9995
vt 0.7075 -0.2927
vt 1.0000 0.0000
vt 1.0000 -0.0000
vt 0.7075 -0.2927
vt 0.7075 0.2927
vt 0.4983 -0.5020
vt 0.7075 0.2927
vt 0.4983 -0.5020
vt 0.5156 0.4846
vt 0.2913 -0.7090
vt 0.5894 0.4106
vt 0.2913 -0.7090
vt 0.3477 0.6523
vt 0.0000 -1.0000
vt 0.3191 0.6812
vt -0.0000 -1.0000
vt 0.0000 1.0000
vt -0.2913 -0.7090
vt -0.0000 1.0000
vt -0.2913 -0.7090
vt -0.2913 0.7090
vt -0.4810 -0.5190
vt -0.2913 0.7090
vt -0.4062 -0.5938
vt -0.4983 0.5020
vt -0.6489 -0.3511
vt -0.4983 0.5020
vt -0.6787 -0.3213
vt -1.0000 0.0000
vt -1.0000 -0.0000
vt -0.7075 0.2927
vt -0.7075 0.2927
vt -1.0000 -0.0000
vt -1.0000 0.0000
vt 0.0050 1.0000
vt 0.0050 1.0000
vt 0.0050 1.0000
vt 0.0050 1.0000
vt 0.6338 0.3660
vt 0.3660 0.6338
vt 0.3660 0.6338
vt 0.6338 0.3660
vt 0.6338 0.3660
vt 1.0000 -0.0000
vt 0.3660 0.6338
vt 1.0000 -0.0000
vt 1.0000 0.0000
vt 0.6338 -0.3660
vt 0.0000 1.0000
vt 0.0000 1.0000
vt -0.0000 1.0000
vt -0.3660 0.6338
vt 0.6338 -0.3660
vt 0.4026 -0.6421
vt 0.6338 -0.3660
vt 0.3711 -0.6367
vt 0.3660 -0.6338
vt -0.3660 0.6338
vt -0.3660 0.6338
vt -0.6338 0.3660
vt -0.6338 0.3660
vt -0.6338 0.3660
vt -1.0000 0.0000
vt -1.0000 0.0000
vt -1.0000 0.0000
vt -0.6338 -0.3660
vt -0.6338 -0.3660
vt -0.6338 -0.3660
vt -0.3660 -0.6338
vt -0.3660 -0.6338
vt -0.3660 -0.6338
vt -0.0000 -1.0000
vt -0.0000 -1.0000
vt -0.0000 -1.0000
vt 0.3660 -0.6338
vt 0.3411 -0.6138
vt 0.3630 -0.6294
vt 0.0000 0.9995
vt 0.0000 0.9995
vt 0.0000 0.9995
vt 0.0000 0.9995
vt -0.3677 0.6353
vt -0.3660 0.6338
vt -0.6338 0.3660
vt -0.6338 0.3660
vt 0.0000 1.0000
vt -1.0000 -0.0000
vt -0.6338 0.3660
vt -0.3660 0.6333
vt -1.0000 -0.0000
vt -1.0000 0.0000
vt -0.6338 -0.3660
vt -0.6338 -0.3660
vt -0.6338 -0.3660
vt -0.4026 -0.6421
vt -0.3660 -0.6338
vt -0.3711 -0.6367
vt -0.0000 1.0000
vt -0.0000 1.0000
vt 0.3665 0.6343
vt 0.3650 0.6323
vt 0.3660 0.6338
vt 0.6338 0.3660
vt 0.6338 0.3660
vt 0.6338 0.3660
vt 1.0000 0.0000
vt 1.0000 0.0000
vt 1.0000 0.0000
vt 0.6338 -0.3660
vt 0.6338 -0.3660
vt 0.6338 -0.3660
vt 0.3660 -0.6338
vt 0.3660 -0.6338
vt 0.3660 -0.6338
vt 0.0000 -1.0000
vt 0.0000 -1.0000
vt 0.0000 -1.0000
vt -0.3660 -0.6338
vt -0.3411 -0.6138
vt -0.3630 -0.6294
vt 0.0012 -1.0000
vt 0.0012 -1.0000
vt 0.0012 -1.0000
vt 0.0012 -1.0000
vt -0.0002 -1.0000
vt 0.0006 -0.9995
vt -0.0000 -1.0000
vt -0.0001 -1.0000
vt 0.0005 -0.9995
vt -0.0001 -1.0000
vt -0.0002 -1.0000
vt -0.0000 -1.0000
vt -0.0001 -1.0000
vt -0.0000 -1.0000
vt 0.5078 -0.4924
vt 0.9302 -0.0704
vt 0.5078 -0.4924
vt 0.9263 -0.0748
vt -0.5078 -0.4922
vt -0.5078 -0.4922
vt -0.5078 -0.4922
vt -0.5078 -0.4922
vt 0.0000 -1.0000
vt -0.0006 -0.9995
vt 0.0002 -1.0000
vt -0.0005 -0.9995
vt 0.0001 -1.0000
vt 0.0001 -1.0000
vt 0.0002 -1.0000
vt 0.0000 -1.0000
vt 0.0001 -1.0000
vt 0.0000 -1.0000
vt -0.5068 -0.4932
vt -0.9263 -0.0742
vt -0.9253 -0.0746
vt -0.5068 -0.4932
vt 0.5078 -0.4922
vt 0.5078 -0.4922
vt 0.5078 -0.4922
vt 0.5078 -0.4922
vt -0.9976 -0.0027
vt -0.9263 0.0740
vt -0.9985 -0.0014
vt -0.9302 0.0701
vt -1.0000 -0.0001
vt -0.9971 0.0029
vt -0.9253 -0.0745
vt -0.9263 -0.0739
vt -1.0000 -0.0001
vt -1.0000 0.0001
vt 0.0000 -1.0000
vt 0.0000 -1.0000
vt 0.0000 -1.0000
vt 0.0000 -1.0000
vt 0.0000 -1.0000
vt 0.0000 -1.0000
vt 1.0000 0.0000
vt 1.0000 0.0000
vt 1.0000 0.0000
vt 1.0000 0.0000
vt -1.0000 0.0000
vt -1.0000 0.0000
vt -1.0000 0.0000
vt -1.0000 0.0000
vt 1.0000 0.0000
vt 1.0000 0.0000
vt 1.0000 0.0000
vt 1.0000 0.0000
vt 0.0000 -1.0000
vt 0.0000 -1.0000
vt 0.0000 -1.0000
vt 0.0000 -1.0000
vt 0.0000 -1.0000
vt 0.0000 -1.0000
vt 0.0000 1.0000
vt 0.0000 1.0000
vt 0.0000 1.0000
vt 0.0000 1.0000
vt 0.0000 1.0000
vt 0.0000 1.0000
vt -1.0000 0.0000
vt -1.0000 0.0000
vt -1.0000 0.0000
vt -1.0000 0.0000
vt 0.0000 -1.0000
vt -0.0000 -1.0000
vt -0.0000 -1.0000
vt -0.0000 -1.0000
vt 0.0000 1.0000
vt 0.0000 1.0000
vt 0.0000 1.0000
vt 0.0000 1.0000
vt 0.0000 1.0000
vt 0.0000 1.0000
vt 0.0000 1.0000
vt 0.0000 1.0000
vt 1.0000 0.0000
vt 1.0000 0.0000
vt 1.0000 0.0000
vt 1.0000 0.0000
vt -1.0000 -0.0000
vt -1.0000 0.0000
vt -1.0000 -0.0000
vt -1.0000 0.0000
vt -0.0000 -0.9995
vt 0.0000 -0.9995
vt -0.0000 -0.9995
vt -0.0000 -0.9995
vt -0.0000 -0.9995
vt -0.0000 -0.9995
vt 0.0000 -0.9995
vt -0.0000 -0.9995
vt -0.0000 -0.9995
vt 0.0000 -0.9995
vt -0.0000 -0.9995
vt 0.0000 -0.9995
vt -0.0000 -0.9995
vt -0.0000 -0.9995
vt -0.0000 -0.9995
vt -0.0000 -0.9995
vt -0.0000 -1.0000
vt 0.0000 -0.9995
vt 0.0000 -1.0000
vt 0.0000 -0.9990
vt -0.0000 -0.9995
vt 0.0000 -0.9995
vt -0.0000 -0.9995
vt 0.0000 -0.9995
vt 0.0000 -0.9995
vt 0.0000 -0.9995
vt 0.0050 1.0000
vt 0.0050 1.0000
vt 0.0050 1.0000
vt 0.0050 1.0000
vt 0.0048 1.0000
vt 0.0048 1.0000
vt 0.0048 1.0000
vt 0.0049 1.0000
vt 0.0000 -0.9995
vt 0.0000 -0.9995
vt 0.0000 -0.9995
vt 0.0000 -0.9995
vt 1.0000 -0.0000
vt 1.0000 -0.0000
vt 1.0000 -0.0000
vt 1.0000 -0.0000
vt -0.0000 1.0000
vt -0.0000 1.0000
vt -0.0000 1.0000
vt -0.0000 1.0000
vt -0.9990 -0.0044
vt -0.5000 0.5000
vt -1.0000 -0.0011
vt -1.0000 0.0001
vt -0.4968 -0.4966
vt -0.5024 -0.5024
vt -0.4805 -0.4380
vt -0.5000 0.5000
vt -0.9980 -0.0063
vt -0.4844 -0.4189
vt -0.5000 0.5000
vt -0.5000 0.5000
vt -0.0000 1.0000
vt 0.0000 1.0000
vt -0.0000 1.0000
vt 0.0000 1.0000
vt 0.5000 0.5000
vt 0.5000 0.5000
vt 0.5000 0.5000
vt 0.5000 0.5000
vt 1.0000 0.0000
vt 1.0000 -0.0000
vt 1.0000 0.0001
vt 1.0000 -0.0000
vt 0.5000 -0.5000
vt 0.5000 -0.5000
vt 0.5000 -0.5000
vt 0.5000 -0.5000
vt 0.0000 -1.0000
vt -0.0021 -0.9937
vt -0.0000 -0.9985
vt -0.5029 -0.5029
vt -0.4976 -0.4976
vt -0.0013 -0.9951
vt -0.5195 -0.5620
vt -0.5156 -0.5811
vt 0.0000 1.0000
vt 0.0000 1.0000
vt 0.0000 1.0000
vt 0.0000 1.0000
vt -1.0000 0.0000
vt -0.7075 0.2927
vt -1.0000 0.0000
vt -0.7075 -0.2927
vt -0.7075 0.2927
vt -0.7075 -0.2927
vt -0.4983 0.5020
vt -0.4983 -0.5020
vt -0.4983 0.5020
vt -0.4983 -0.5020
vt -0.2913 0.7090
vt -0.2913 -0.7090
vt -0.2913 0.7090
vt -0.2913 -0.7090
vt -0.0000 1.0000
vt -0.0000 -1.0000
vt -0.0000 1.0000
vt -0.0000 -1.0000
vt 0.2913 0.7090
vt 0.2913 -0.7090
vt 0.2913 0.7090
vt 0.2913 -0.7090
vt 0.4983 0.5020
vt 0.4983 -0.5020
vt 0.4983 0.5020
vt 0.4983 -0.5020
vt 0.7075 0.2927
vt 0.7075 -0.2927
vt 0.7075 0.2927
vt 1.0000 0.0000
vt 1.0000 0.0000
vt 0.7075 -0.2927
vt 1.0000 0.0000
vt 1.0000 0.0000
vt -0.0011 1.0000
vt -0.0004 1.0000
vt 0.0000 0.9995
vt 0.0023 1.0000
vt 0.0035 1.0000
vt 0.0000 0.9995
vt -0.0000 0.9995
vt 0.0000 0.9995
vt 0.0000 0.9995
vt -0.0000 0.9980
vt 0.0000 0.9990
vt -0.0011 1.0000
vt -0.0000 1.0000
vt 0.0025 1.0000
vt 0.0000 0.9995
vt 0.0000 0.9995
vt 0.0000 1.0000
vt -0.0000 0.9995
vt -0.0000 1.0000
vt -0.0016 1.0000
vt 0.0004 1.0000
vt -0.0013 1.0000
vt -0.0006 1.0000
vt 0.0000 0.9995
vt 0.0000 1.0000
vt 0.0000 0.9995
vt 0.0000 0.9995
vt 0.0000 0.9995
vt 0.0000 0.9995
vt 0.0000 0.9995
vt 0.0012 -1.0000
vt 0.0012 -1.0000
vt 0.0012 -1.0000
vt 0.0012 -1.0000
vt 0.5000 0.5000
vt 0.0000 1.0000
vt 0.0000 1.0000
vt -0.5000 0.5000
vt 0.5000 0.5000
vt -0.5000 0.5000
vt 1.0000 -0.0000
vt -1.0000 -0.0000
vt 1.0000 0.0000
vt 0.5054 -0.5049
vt 0.5054 -0.5049
vt -1.0000 0.0000
vt -0.5000 -0.5000
vt -0.5000 -0.5000
vt 0.0000 -1.0000
vt 0.0000 -1.0000
vt 0.4949 -0.4954
vt 0.4949 -0.4954
vt 0.9990 -0.0042
vt 0.5000 0.5000
vt 0.5000 0.5000
vt 1.0000 -0.0010
vt 0.4998 -0.4998
vt 1.0000 0.0001
vt 0.5034 -0.5034
vt 0.5000 0.5000
vt 0.4800 -0.4446
vt 0.0000 1.0000
vt 0.9980 -0.0063
vt 0.4844 -0.4189
vt 0.5000 0.5000
vt -0.0000 1.0000
vt 0.0000 1.0000
vt -0.0000 1.0000
vt -0.5000 0.5000
vt -0.5000 0.5000
vt -0.5000 0.5000
vt -0.5000 0.5000
vt -1.0000 0.0000
vt -1.0000 -0.0000
vt -1.0000 0.0001
vt -1.0000 -0.0000
vt -0.5000 -0.5000
vt -0.5000 -0.5000
vt -0.5000 -0.5000
vt -0.5000 -0.5000
vt -0.0000 -1.0000
vt 0.0021 -0.9937
vt 0.0000 -0.9990
vt 0.0011 -0.9956
vt 0.5000 -0.5000
vt 0.4966 -0.4968
vt 0.5200 -0.5557
vt 0.5156 -0.5811
vt 0.5000 0.5000
vt 1.0000 -0.0000
vt 0.5000 0.5000
vt -0.0000 1.0000
vt 1.0000 0.0000
vt 0.5024 -0.5024
vt 0.5024 -0.5024
vt 0.0000 1.0000
vt -0.5000 0.5000
vt -0.5000 0.5000
vt -1.0000 0.0000
vt -1.0000 -0.0000
vt -0.5000 -0.5000
vt -0.5000 -0.5000
vt 0.0000 -1.0000
vt 0.0000 -1.0000
vt 0.4976 -0.4976
vt 0.4976 -0.4976
vt 0.9990 -0.0044
vt 0.5000 0.5000
vt 0.5000 0.5000
vt 1.0000 -0.0011
vt 0.4968 -0.4966
vt 1.0000 0.0001
vt 0.5024 -0.5024
vt 0.5000 0.5000
vt 0.4805 -0.4380
vt 0.0000 1.0000
vt 0.9980 -0.0063
vt 0.4844 -0.4189
vt 0.5000 0.5000
vt -0.0000 1.0000
vt 0.0000 1.0000
vt -0.0000 1.0000
vt -0.5000 0.5000
vt -0.5000 0.5000
vt -0.5000 0.5000
vt -0.5000 0.5000
vt -1.0000 0.0000
vt -1.0000 -0.0000
vt -1.0000 0.0001
vt -1.0000 -0.0000
vt -0.5000 -0.5000
vt -0.5000 -0.5000
vt -0.5000 -0.5000
vt -0.5000 -0.5000
vt -0.0000 -1.0000
vt 0.0021 -0.9937
vt 0.0000 -0.9985
vt 0.0013 -0.9951
vt 0.5029 -0.5029
vt 0.4976 -0.4976
vt 0.5195 -0.5620
vt 0.5156 -0.5811
vt 0.5000 0.5000
vt 1.0000 -0.0000
vt 0.5000 0.5000
vt -0.0000 1.0000
vt 1.0000 0.0000
vt 0.5024 -0.5024
vt 0.5024 -0.5024
vt 0.0000 1.0000
vt -0.5000 0.5000
vt -0.5000 0.5000
vt -1.0000 -0.0000
vt -1.0000 -0.0000
vt -0.5000 -0.5000
vt -0.5000 -0.5000
vt 0.0000 -1.0000
vt 0.0000 -1.0000
vt 0.4976 -0.4976
vt 0.4976 -0.4976
vt 0.9990 -0.0044
vt 0.5000 0.5000
vt 0.5000 0.5000
vt 1.0000 -0.0011
vt 0.4968 -0.4966
vt 1.0000 0.0001
vt 0.5024 -0.5024
vt 0.5000 0.5000
vt 0.4805 -0.4380
vt 0.0000 1.0000
vt 0.9980 -0.0063
vt 0.4844 -0.4189
vt 0.5000 0.5000
vt -0.0000 1.0000
vt 0.0000 1.0000
vt -0.0000 1.0000
vt -0.5000 0.5000
vt -0.5000 0.5000
vt -0.5000 0.5000
vt -0.5000 0.5000
vt -1.0000 0.0000
vt -1.0000 -0.0000
vt -1.0000 0.0001
vt -1.0000 -0.0000
vt -0.5000 -0.5000
vt -0.5000 -0.5000
vt -0.5000 -0.5000
vt -0.5000 -0.5000
vt -0.0000 -1.0000
vt 0.0021 -0.9937
vt 0.0000 -0.9985
vt 0.0013 -0.9951
vt 0.5029 -0.5029
vt 0.4976 -0.4976
vt 0.5195 -0.5620
vt 0.5156 -0.5811
f 1/1 2/2 3/3
f 4/4 2/2 1/1
f 2/2 5/5 3/3
f 2/2 4/4 6/6
f 7/7 3/3 5/5
f 8/8 6/6 4/4
f 3/3 7/7 9/9
f 9/9 7/7 10/10
f 7/7 11/11 10/10
f 12/12 8/8 4/4
f 13/13 8/8 12/12
f 8/8 13/13 14/14
f 15/15 14/14 13/13
f 16/16 15/15 13/13
f 17/17 15/15 16/16
f 15/15 17/17 18/18
f 19/19 20/20 21/21
f 21/21 22/22 19/19
f 23/23 24/24 25/25
f 24/24 26/26 25/25
f 23/23 25/25 27/27
f 24/24 28/28 26/26
f 29/29 23/23 27/27
f 28/28 30/30 26/26
f 29/29 27/27 31/31
f 28/28 32/32 30/30
f 33/33 29/29 31/31
f 32/32 34/34 30/30
f 33/33 31/31 35/35
f 32/32 36/36 34/34
f 37/37 33/33 35/35
f 36/36 38/38 34/34
f 37/37 35/35 39/39
f 36/36 40/40 38/38
f 41/41 37/37 39/39
f 40/40 42/42 38/38
f 37/37 41/41 43/43
f 40/40 44/44 42/42
f 45/45 43/43 41/41
f 44/44 46/46 42/42
f 43/43 45/45 47/47
f 44/44 48/48 46/46
f 49/49 47/47 45/45
f 48/48 50/50 46/46
f 49/49 45/45 51/51
f 52/52 49/49 51/51
f 52/52 51/51 53/53
f 48/48 54/54 50/50
f 54/54 55/55 50/50
f 54/54 56/56 55/55
f 57/57 58/58 59/59
f 58/58 57/57 60/60
f 61/61 62/62 63/63
f 62/62 61/61 64/64
f 61/61 65/65 64/64
f 65/65 66/66 64/64
f 67/67 68/68 69/69
f 67/67 69/69 70/70
f 71/71 67/67 70/70
f 72/72 71/71 70/70
f 73/73 74/74 75/75
f 73/73 75/75 76/76
f 77/77 78/78 79/79
f 80/80 79/79 78/78
f 81/81 82/82 83/83
f 82/82 81/81 84/84
f 85/85 86/86 87/87
f 86/86 85/85 88/88
f 89/89 90/90 91/91
f 89/89 91/91 92/92
f 93/93 94/94 95/95
f 94/94 93/93 96/96
f 97/97 98/98 99/99
f 98/98 97/97 100/100
f 101/101 99/99 98/98
f 99/99 101/101 102/102
f 103/103 102/102 101/101
f 102/102 103/103 104/104
f 105/105 104/104 103/103
f 105/105 103/103 106/106
f 107/107 105/105 106/106
f 108/108 107/107 106/106
f 107/107 108/108 109/109
f 109/109 108/108 110/110
f 111/111 109/109 110/110
f 109/109 111/111 112/112
f 113/113 112/112 111/111
f 112/112 113/113 114/114
f 115/115 114/114 113/113
f 115/115 113/113 116/116
f 117/117 115/115 116/116
f 118/118 117/117 116/116
f 119/119 117/117 118/118
f 117/117 119/119 120/120
f 121/121 119/119 118/118
f 119/119 121/121 122/122
f 123/123 124/124 125/125
f 125/125 124/124 126/126
f 127/127 128/128 129/129
f 127/127 130/130 128/128
f 131/131 127/127 129/129
f 132/132 128/128 130/130
f 133/133 131/131 129/129
f 128/128 132/132 134/134
f 131/131 133/133 135/135
f 136/136 134/134 132/132
f 135/135 133/133 137/137
f 136/136 138/138 134/134
f 139/139 135/135 137/137
f 140/140 138/138 136/136
f 135/135 139/139 141/141
f 138/138 140/140 142/142
f 143/143 141/141 139/139
f 142/142 140/140 144/144
f 141/141 143/143 145/145
f 140/140 146/146 144/144
f 147/147 145/145 143/143
f 146/146 148/148 144/144
f 147/147 143/143 149/149
f 146/146 150/150 148/148
f 151/151 147/147 149/149
f 152/152 148/148 150/150
f 153/153 151/151 149/149
f 148/148 152/152 154/154
f 155/155 151/151 153/153
f 156/156 154/154 152/152
f 155/155 153/153 157/157
f 158/158 157/157 153/153
f 157/157 158/158 159/159
f 156/156 160/160 154/154
f 156/156 161/161 160/160
f 162/162 161/161 156/156
f 161/161 162/162 163/163
f 162/162 164/164 163/163
f 164/164 165/165 163/163
f 164/164 166/166 165/165
f 167/167 165/165 166/166
f 165/165 167/167 168/168
f 169/169 168/168 167/167
f 169/169 170/170 168/168
f 169/169 171/171 170/170
f 172/172 171/171 169/169
f 173/173 174/174 175/175
f 173/173 175/175 176/176
f 177/177 178/178 179/179
f 178/178 177/177 180/180
f 181/181 182/182 183/183
f 182/182 181/181 184/184
f 185/185 186/186 187/187
f 188/188 187/187 186/186
f 189/189 190/190 191/191
f 190/190 192/192 191/191
f 191/191 192/192 193/193
f 189/189 191/191 193/193
f 193/193 192/192 194/194
f 195/195 189/189 193/193
f 192/192 190/190 196/196
f 195/195 197/197 189/189
f 197/197 195/195 198/198
f 197/197 199/199 189/189
f 190/190 189/189 199/199
f 197/197 200/200 199/199
f 190/190 201/201 196/196
f 202/202 199/199 200/200
f 203/203 201/201 190/190
f 199/199 204/204 190/190
f 204/204 203/203 190/190
f 199/199 202/202 204/204
f 205/205 201/201 203/203
f 204/204 205/205 203/203
f 201/201 205/205 206/206
f 202/202 207/207 204/204
f 205/205 204/204 207/207
f 202/202 208/208 207/207
f 205/205 209/209 206/206
f 210/210 207/207 208/208
f 211/211 209/209 205/205
f 207/207 212/212 205/205
f 212/212 211/211 205/205
f 207/207 210/210 212/212
f 213/213 209/209 211/211
f 212/212 213/213 211/211
f 209/209 213/213 214/214
f 210/210 215/215 212/212
f 213/213 212/212 215/215
f 210/210 216/216 215/215
f 213/213 217/217 214/214
f 218/218 215/215 216/216
f 219/219 217/217 213/213
f 220/220 217/217 219/219
f 217/217 220/220 221/221
f 222/222 219/219 213/213
f 215/215 222/222 213/213
f 222/222 220/220 219/219
f 215/215 218/218 222/222
f 220/220 222/222 223/223
f 218/218 223/223 222/222
f 218/218 224/224 223/223
f 225/225 226/226 227/227
f 228/228 226/226 225/225
f 229/229 226/226 228/228
f 229/229 230/230 226/226
f 230/230 229/229 231/231
f 232/232 230/230 231/231
f 233/233 230/230 232/232
f 234/234 233/233 232/232
f 235/235 233/233 234/234
f 235/235 236/236 233/233
f 237/237 238/238 239/239
f 238/238 237/237 240/240
f 237/237 239/239 241/241
f 239/239 238/238 242/242
f 242/242 241/241 239/239
f 242/242 238/238 243/243
f 244/244 237/237 241/241
f 241/241 242/242 245/245
f 246/246 242/242 243/243
f 245/245 242/242 247/247
f 242/242 246/246 248/248
f 242/242 248/248 247/247
f 248/248 246/246 249/249
f 249/249 247/247 248/248
f 249/249 246/246 250/250
f 247/247 249/249 251/251
f 252/252 237/237 244/244
f 252/252 240/240 237/237
f 253/253 252/252 244/244
f 240/240 252/252 254/254
f 255/255 252/252 253/253
f 256/256 254/254 252/252
f 252/252 255/255 256/256
f 254/254 256/256 257/257
f 258/258 256/256 255/255
f 256/256 259/259 257/257
f 260/260 259/259 256/256
f 256/256 258/258 260/260
f 260/260 261/261 259/259
f 262/262 260/260 258/258
f 262/262 261/261 260/260
f 263/263 262/262 258/258
f 264/264 262/262 263/263
f 265/265 261/261 262/262
f 262/262 264/264 265/265
f 261/261 265/265 266/266
f 267/267 265/265 264/264
f 268/268 266/266 265/265
f 265/265 267/267 268/268
f 266/266 268/268 269/269
f 268/268 270/270 269/269
f 271/271 268/268 267/267
f 271/271 270/270 268/268
f 272/272 271/271 267/267
f 271/271 273/273 270/270
f 274/274 271/271 272/272
f 275/275 273/273 271/271
f 271/271 274/274 275/275
f 276/276 277/277 278/278
f 276/276 278/278 279/279
f 280/280 281/281 282/282
f 283/283 282/282 281/281
f 284/284 285/285 286/286
f 285/285 284/284 287/287
f 288/288 289/289 290/290
f 290/290 289/289 291/291
f 292/292 293/293 294/294
f 293/293 292/292 295/295
f 296/296 297/297 298/298
f 297/297 296/296 299/299
f 300/300 299/299 296/296
f 301/301 299/299 300/300
f 301/301 300/300 302/302
f 303/303 304/304 305/305
f 304/304 303/303 306/306
f 307/307 308/308 309/309
f 308/308 307/307 310/310
f 311/311 312/312 313/313
f 312/312 311/311 314/314
f 315/315 311/311 313/313
f 315/315 313/313 316/316
f 316/316 317/317 315/315
f 318/318 319/319 320/320
f 318/318 320/320 321/321
f 322/322 323/323 324/324
f 325/325 324/324 323/323
f 326/326 327/327 328/328
f 327/327 326/326 329/329
f 330/330 331/331 332/332
f 331/331 330/330 333/333
f 334/334 335/335 336/336
f 334/334 336/336 337/337
f 338/338 339/339 340/340
f 339/339 338/338 341/341
f 342/342 343/343 344/344
f 342/342 344/344 345/345
f 346/346 347/347 348/348
f 349/349 348/348 347/347
f 350/350 351/351 352/352
f 351/351 350/350 353/353
f 354/354 355/355 356/356
f 355/355 354/354 357/357
f 358/358 359/359 360/360
f 358/358 360/360 361/361
f 362/362 363/363 364/364
f 363/363 362/362 365/365
f 366/366 367/367 368/368
f 368/368 367/367 369/369
f 369/369 367/367 370/370
f 367/367 366/366 371/371
f 366/366 372/372 371/371
f 373/373 372/372 366/366
f 374/374 372/372 373/373
f 372/372 374/374 375/375
f 374/374 376/376 375/375
f 377/377 376/376 374/374
f 378/378 376/376 377/377
f 376/376 378/378 379/379
f 378/378 380/380 379/379
f 381/381 380/380 378/378
f 382/382 380/380 381/381
f 380/380 382/382 383/383
f 384/384 385/385 386/386
f 385/385 384/384 387/387
f 384/384 388/388 387/387
f 386/386 385/385 389/389
f 384/384 386/386 390/390
f 389/389 390/390 386/386
f 391/391 384/384 390/390
f 390/390 389/389 392/392
f 389/389 385/385 393/393
f 392/392 389/389 394/394
f 395/395 388/388 384/384
f 395/395 384/384 391/391
f 396/396 395/395 391/391
f 395/395 397/397 388/388
f 398/398 395/395 396/396
f 399/399 397/397 395/395
f 395/395 398/398 399/399
f 399/399 400/400 397/397
f 401/401 399/399 398/398
f 402/402 400/400 399/399
f 399/399 401/401 402/402
f 402/402 403/403 400/400
f 404/404 402/402 401/401
f 404/404 403/403 402/402
f 405/405 404/404 401/401
f 404/404 406/406 403/403
f 407/407 404/404 405/405
f 408/408 406/406 404/404
f 404/404 407/407 408/408
f 409/409 406/406 408/408
f 409/409 408/408 407/407
f 406/406 409/409 410/410
f 411/411 409/409 407/407
f 412/412 410/410 409/409
f 412/412 409/409 411/411
f 413/413 412/412 411/411
f 414/414 412/412 413/413
f 410/410 412/412 415/415
f 412/412 414/414 416/416
f 416/416 415/415 412/412
f 415/415 416/416 417/417
f 389/389 393/393 418/418
f 418/418 393/393 419/419
f 389/389 418/418 394/394
f 418/418 419/419 420/420
f 420/420 394/394 418/418
f 420/420 419/419 421/421
f 394/394 420/420 422/422
f 423/423 424/424 425/425
f 424/424 423/423 426/426
f 427/427 428/428 429/429
f 428/428 430/430 429/429
f 429/429 430/430 431/431
f 427/427 429/429 431/431
f 431/431 430/430 432/432
f 433/433 427/427 431/431
f 430/430 428/428 434/434
f 433/433 435/435 427/427
f 435/435 433/433 436/436
f 435/435 437/437 427/427
f 428/428 427/427 437/437
f 435/435 438/438 437/437
f 428/428 439/439 434/434
f 440/440 437/437 438/438
f 441/441 439/439 428/428
f 437/437 442/442 428/428
f 442/442 441/441 428/428
f 437/437 440/440 442/442
f 443/443 439/439 441/441
f 442/442 443/443 441/441
f 439/439 443/443 444/444
f 440/440 445/445 442/442
f 443/443 442/442 445/445
f 440/440 446/446 445/445
f 443/443 447/447 444/444
f 448/448 445/445 446/446
f 449/449 447/447 443/443
f 445/445 450/450 443/443
f 450/450 449/449 443/443
f 445/445 448/448 450/450
f 451/451 447/447 449/449
f 450/450 451/451 449/449
f 447/447 451/451 452/452
f 448/448 453/453 450/450
f 451/451 450/450 453/453
f 448/448 454/454 453/453
f 451/451 455/455 452/452
f 456/456 453/453 454/454
f 457/457 455/455 451/451
f 458/458 455/455 457/457
f 455/455 458/458 459/459
f 460/460 457/457 451/451
f 453/453 460/460 451/451
f 460/460 458/458 457/457
f 453/453 456/456 460/460
f 458/458 460/460 461/461
f 456/456 461/461 460/460
f 456/456 462/462 461/461
f 463/463 464/464 465/465
f 465/465 464/464 466/466
f 467/467 468/468 469/469
f 468/468 467/467 470/470
f 468/468 470/470 471/471
f 471/471 470/470 472/472
f 473/473 474/474 475/475
f 473/473 476/476 474/474
f 477/477 476/476 473/473
f 476/476 477/477 478/478
f 479/479 480/480 481/481
f 480/480 479/479 482/482
f 483/483 484/484 485/485
f 485/485 486/486 483/483
f 487/487 488/488 489/489
f 489/489 488/488 490/490
f 491/491 492/492 493/493
f 492/492 491/491 494/494
f 492/492 494/494 495/495
f 495/495 494/494 496/496
f 497/497 498/498 499/499
f 497/497 500/500 498/498
f 501/501 500/500 497/497
f 500/500 501/501 502/502
f 503/503 504/504 505/505
f 504/504 506/506 505/505
f 503/503 507/507 504/504
f 506/506 504/504 508/508
f 509/509 507/507 503/503
f 508/508 510/510 506/506
f 509/509 511/511 507/507
f 510/510 508/508 512/512
f 513/513 511/511 509/509
f 512/512 514/514 510/510
f 511/511 513/513 515/515
f 514/514 512/512 516/516
f 513/513 517/517 515/515
f 514/514 516/516 518/518
f 517/517 513/513 519/519
f 514/514 518/518 520/520
f 519/519 521/521 517/517
f 520/520 518/518 522/522
f 521/521 519/519 523/523
f 520/520 522/522 524/524
f 525/525 521/521 523/523
f 522/522 526/526 524/524
f 525/525 527/527 521/521
f 526/526 522/522 528/528
f 529/529 527/527 525/525
f 528/528 530/530 526/526
f 529/529 531/531 527/527
f 530/530 528/528 532/532
f 533/533 531/531 529/529
f 534/534 530/530 532/532
f 531/531 533/533 535/535
f 535/535 536/536 531/531
f 536/536 535/535 537/537
f 530/530 534/534 538/538
f 538/538 534/534 539/539
f 538/538 539/539 540/540
f 540/540 539/539 541/541
f 540/540 541/541 542/542
f 541/541 543/543 542/542
f 543/543 541/541 544/544
f 544/544 545/545 543/543
f 545/545 544/544 546/546
f 545/545 546/546 547/547
f 547/547 548/548 545/545
f 549/549 550/550 551/551
f 552/552 549/549 551/551
f 553/553 552/552 551/551
f 554/554 553/553 551/551
f 553/553 554/554 555/555
f 554/554 556/556 555/555
f 554/554 557/557 556/556
f 558/558 556/556 557/557
f 559/559 558/558 557/557
f 559/559 557/557 560/560
f 561/561 562/562 563/563
f 562/562 564/564 565/565
f 565/565 566/566 562/562
f 566/566 563/563 562/562
f 563/563 566/566 567/567
f 563/563 567/567 568/568
f 567/567 566/566 569/569
f 570/570 567/567 569/569
f 571/571 572/572 573/573
f 572/572 571/571 574/574
f 575/575 576/576 577/577
f 576/576 575/575 578/578
f 579/579 580/580 581/581
f 582/582 581/581 580/580
f 583/583 584/584 585/585
f 584/584 583/583 586/586
f 587/587 588/588 589/589
f 590/590 588/588 591/591
f 588/588 590/590 592/592
f 592/592 589/589 588/588
f 589/589 592/592 593/593
f 589/589 593/593 594/594
f 593/593 592/592 595/595
f 596/596 593/593 595/595
f 597/597 598/598 599/599
f 598/598 600/600 599/599
f 598/598 601/601 600/600
f 601/601 598/598 602/602
f 600/600 601/601 603/603
f 603/603 601/601 604/604
f 603/603 605/605 600/600
f 605/605 603/603 606/606
f 607/607 608/608 609/609
f 608/608 607/607 610/610
f 611/611 612/612 613/613
f 612/612 611/611 614/614
f 611/611 615/615 614/614
f 615/615 616/616 614/614
f 617/617 618/618 619/619
f 617/617 619/619 620/620
f 621/621 617/617 620/620
f 622/622 621/621 620/620
f 623/623 624/624 625/625
f 625/625 624/624 626/626
f 623/623 627/627 624/624
f 626/626 628/628 625/625
f 629/629 627/627 623/623
f 629/629 630/630 627/627
f 630/630 629/629 631/631
f 628/628 626/626 632/632
f 633/633 628/628 632/632
f 628/628 633/633 634/634
f 635/635 634/634 633/633
f 634/634 635/635 636/636
f 637/637 636/636 635/635
f 636/636 637/637 638/638
f 639/639 640/640 641/641
f 642/642 641/641 640/640
f 640/640 639/639 643/643
f 641/641 642/642 644/644
f 645/645 644/644 642/642
f 644/644 646/646 647/647
f 648/648 643/643 639/639
f 643/643 648/648 649/649
f 648/648 650/650 649/649
f 651/651 650/650 648/648
f 651/651 652/652 650/650
f 652/652 651/651 653/653
f 653/653 654/654 652/652
f 654/654 653/653 655/655
f 656/656 657/657 658/658
f 659/659 658/658 657/657
f 658/658 659/659 660/660
f 661/661 657/657 656/656
f 661/661 656/656 662/662
f 663/663 664/664 665/665
f 665/665 664/664 666/666
f 665/665 667/667 663/663
f 667/667 668/668 663/663
f 668/668 667/667 669/669
f 670/670 671/671 672/672
f 671/671 670/670 673/673
f 673/673 674/674 671/671
f 674/674 673/673 675/675
f 675/675 676/676 674/674
f 676/676 675/675 677/677
f 678/678 676/676 677/677
f 678/678 679/679 676/676
f 680/680 679/679 678/678
f 680/680 681/681 679/679
f 682/682 681/681 680/680
f 681/681 682/682 683/683
f 682/682 684/684 683/683
f 684/684 682/682 685/685
f 685/685 686/686 684/684
f 686/686 685/685 687/687
f 688/688 686/686 687/687
f 688/688 689/689 686/686
f 690/690 689/689 688/688
f 690/690 691/691 689/689
f 690/690 692/692 691/691
f 692/692 690/690 693/693
f 692/692 694/694 691/691
f 694/694 692/692 695/695
f 696/696 697/697 698/698
f 696/696 698/698 699/699
f 700/700 696/696 699/699
f 696/696 700/700 701/701
f 702/702 701/701 700/700
f 701/701 702/702 703/703
f 704/704 703/703 702/702
f 704/704 702/702 705/705
f 706/706 704/704 705/705
f 707/707 706/706 705/705
f 706/706 707/707 708/708
f 708/708 707/707 709/709
f 710/710 708/708 709/709
f 708/708 710/710 711/711
f 712/712 711/711 710/710
f 711/711 712/712 713/713
f 714/714 713/713 712/712
f 714/714 712/712 715/715
f 716/716 714/714 715/715
f 717/717 716/716 715/715
f 718/718 716/716 717/717
f 716/716 718/718 719/719
f 720/720 718/718 717/717
f 718/718 720/720 721/721
f 722/722 723/723 724/724
f 724/724 723/723 725/725
f 723/723 722/722 726/726
f 725/725 723/723 727/727
f 722/722 728/728 726/726
f 725/725 727/727 729/729
f 730/730 728/728 722/722
f 729/729 727/727 731/731
f 730/730 732/732 728/728
f 729/729 731/731 733/733
f 734/734 732/732 730/730
f 733/733 731/731 735/735
f 736/736 732/732 734/734
f 737/737 733/733 735/735
f 732/732 736/736 738/738
f 733/733 737/737 739/739
f 740/740 738/738 736/736
f 739/739 737/737 741/741
f 738/738 740/740 742/742
f 741/741 737/737 743/743
f 740/740 744/744 742/742
f 741/741 743/743 745/745
f 746/746 744/744 740/740
f 745/745 743/743 747/747
f 745/745 747/747 748/748
f 748/748 747/747 749/749
f 750/750 744/744 746/746
f 744/744 750/750 751/751
f 750/750 752/752 751/751
f 753/753 752/752 750/750
f 753/753 754/754 752/752
f 755/755 754/754 753/753
f 756/756 757/757 758/758
f 758/758 759/759 756/756
f 760/760 761/761 762/762
f 761/761 760/760 763/763
f 764/764 765/765 766/766
f 765/765 764/764 767/767
f 768/768 769/769 770/770
f 769/769 768/768 771/771
f 769/769 772/772 770/770
f 772/772 769/769 773/773
f 774/774 775/775 776/776
f 776/776 775/775 777/777
f 778/778 779/779 780/780
f 780/780 779/779 781/781
f 782/782 783/783 784/784
f 784/784 783/783 785/785
f 786/786 787/787 788/788
f 787/787 786/786 789/789
f 787/787 790/790 788/788
f 790/790 787/787 791/791
f 792/792 793/793 794/794
f 794/794 793/793 795/795
f 796/796 797/797 798/798
f 798/798 797/797 799/799
f 800/800 801/801 802/802
f 801/801 800/800 803/803
f 804/804 805/805 806/806
f 804/804 806/806 807/807
f 808/808 809/809 810/810
f 811/811 809/809 808/808
f 811/811 808/808 812/812
f 808/808 813/813 812/812
f 808/808 814/814 813/813
f 814/814 808/808 815/815
f 814/814 815/815 816/816
f 814/814 816/816 817/817
f 818/818 809/809 811/811
f 809/809 818/818 819/819
f 818/818 811/811 820/820
f 818/818 820/820 821/821
f 822/822 818/818 821/821
f 823/823 818/818 822/822
f 822/822 824/824 823/823
f 824/824 822/822 825/825
f 826/826 827/827 828/828
f 827/827 826/826 829/829
f 830/830 831/831 832/832
f 830/830 832/832 833/833
f 834/834 835/835 836/836
f 834/834 836/836 837/837
f 838/838 837/837 836/836
f 838/838 836/836 839/839
f 837/837 838/838 840/840
f 841/841 837/837 840/840
f 842/842 843/843 844/844
f 843/843 845/845 844/844
f 845/845 846/846 844/844
f 844/844 846/846 847/847
f 844/844 847/847 848/848
f 848/848 849/849 844/844
f 848/848 850/850 849/849
f 850/850 848/848 851/851
f 843/843 852/852 845/845
f 852/852 843/843 853/853
f 852/852 854/854 845/845
f 852/852 855/855 854/854
f 856/856 855/855 852/852
f 857/857 856/856 852/852
f 856/856 857/857 858/858
f 856/856 858/858 859/859
f 860/860 861/861 862/862
f 861/861 860/860 863/863
f 864/864 865/865 866/866
f 867/867 866/866 865/865
f 868/868 869/869 870/870
f 869/869 868/868 871/871
f 868/868 872/872 871/871
f 872/872 873/873 871/871
f 868/868 874/874 872/872
f 875/875 874/874 868/868
f 876/876 877/877 878/878
f 877/877 876/876 879/879
f 878/878 880/880 876/876
f 880/880 878/878 881/881
f 882/882 883/883 884/884
f 883/883 882/882 885/885
f 886/886 884/884 883/883
f 884/884 886/886 887/887
f 888/888 889/889 890/890
f 888/888 890/890 891/891
f 892/892 888/888 891/891
f 888/888 892/892 893/893
f 894/894 893/893 892/892
f 893/893 894/894 895/895
f 896/896 895/895 894/894
f 896/896 894/894 897/897
f 898/898 896/896 897/897
f 899/899 898/898 897/897
f 898/898 899/899 900/900
f 900/900 899/899 901/901
f 902/902 900/900 901/901
f 900/900 902/902 903/903
f 904/904 903/903 902/902
f 903/903 904/904 905/905
f 906/906 905/905 904/904
f 906/906 904/904 907/907
f 908/908 906/906 907/907
f 909/909 908/908 907/907
f 910/910 908/908 909/909
f 910/910 909/909 911/911
f 909/909 912/912 911/911
f 911/911 912/912 913/913
f 914/914 915/915 916/916
f 915/915 914/914 917/917
f 914/914 918/918 917/917
f 918/918 914/914 919/919
f 919/919 920/920 918/918
f 920/920 919/919 921/921
f 922/922 920/920 921/921
f 922/922 923/923 920/920
f 924/924 923/923 922/922
f 924/924 925/925 923/923
f 926/926 925/925 924/924
f 925/925 926/926 927/927
f 926/926 928/928 927/927
f 928/928 926/926 929/929
f 929/929 930/930 928/928
f 930/930 929/929 931/931
f 932/932 930/930 931/931
f 932/932 933/933 930/930
f 934/934 933/933 932/932
f 934/934 935/935 933/933
f 936/936 935/935 934/934
f 935/935 936/936 937/937
f 937/937 938/938 935/935
f 938/938 937/937 939/939
f 940/940 941/941 942/942
f 942/942 941/941 943/943
f 943/943 941/941 944/944
f 941/941 940/940 945/945
f 940/940 946/946 945/945
f 947/947 946/946 940/940
f 948/948 946/946 947/947
f 946/946 948/948 949/949
f 948/948 950/950 949/949
f 951/951 950/950 948/948
f 952/952 950/950 951/951
f 950/950 952/952 953/953
f 952/952 954/954 953/953
f 955/955 954/954 952/952
f 956/956 954/954 955/955
f 954/954 956/956 957/957
f 958/958 959/959 960/960
f 960/960 959/959 961/961
f 958/958 962/962 959/959
f 960/960 961/961 963/963
f 962/962 958/958 964/964
f 964/964 965/965 962/962
f 965/965 964/964 966/966
f 963/963 961/961 967/967
f 968/968 963/963 967/967
f 963/963 968/968 969/969
f 970/970 969/969 968/968
f 969/969 970/970 971/971
f 972/972 971/971 970/970
f 971/971 972/972 973/973
f 973/973 972/972 974/974
f 974/974 975/975 973/973
f 976/976 977/977 978/978
f 979/979 978/978 977/977
f 977/977 976/976 980/980
f 978/978 979/979 981/981
f 982/982 981/981 979/979
f 981/981 982/982 983/983
f 984/984 980/980 976/976
f 980/980 984/984 985/985
f 984/984 986/986 985/985
f 987/987 986/986 984/984
f 987/987 988/988 986/986
f 988/988 987/987 989/989
f 989/989 990/990 988/988
f 990/990 989/989 991/991
f 991/991 992/992 990/990
f 993/993 992/992 991/991
f 994/994 995/995 996/996
f 996/996 995/995 997/997
f 998/998 999/999 1000/1000
f 999/999 998/998 1001/1001
f 999/999 1001/1001 1002/1002
f 1002/1002 1001/1001 1003/1003
f 1004/1004 1005/1005 1006/1006
f 1004/1004 1007/1007 1005/1005
f 1008/1008 1007/1007 1004/1004
f 1007/1007 1008/1008 1009/1009
f 1010/1010 1011/1011 1012/1012
f 1012/1012 1013/1013 1010/1010
f 1011/1011 1010/1010 1014/1014
f 1013/1013 1012/1012 1015/1015
f 1016/1016 1011/1011 1014/1014
f 1011/1011 1016/1016 1017/1017
f 1010/1010 1018/1018 1014/1014
f 1018/1018 1016/1016 1014/1014
f 1018/1018 1010/1010 1019/1019
f 1013/1013 1019/1019 1010/1010
f 1016/1016 1018/1018 1020/1020
f 1019/1019 1013/1013 1021/1021
f 1016/1016 1022/1022 1017/1017
f 1013/1013 1023/1023 1021/1021
f 1024/1024 1016/1016 1020/1020
f 1023/1023 1013/1013 1025/1025
f 1015/1015 1025/1025 1013/1013
f 1025/1025 1015/1015 1026/1026
f 1025/1025 1027/1027 1023/1023
f 1028/1028 1025/1025 1026/1026
f 1016/1016 1024/1024 1029/1029
f 1022/1022 1016/1016 1029/1029
f 1024/1024 1030/1030 1029/1029
f 1030/1030 1022/1022 1029/1029
f 1030/1030 1024/1024 1031/1031
f 1022/1022 1030/1030 1032/1032
f 1025/1025 1028/1028 1033/1033
f 1027/1027 1025/1025 1033/1033
f 1034/1034 1033/1033 1028/1028
f 1035/1035 1027/1027 1033/1033
f 1033/1033 1034/1034 1035/1035
f 1027/1027 1035/1035 1036/1036
f 1035/1035 1037/1037 1036/1036
f 1034/1034 1038/1038 1035/1035
f 1037/1037 1035/1035 1038/1038
f 1038/1038 1034/1034 1039/1039
f 1038/1038 1040/1040 1037/1037
f 1039/1039 1041/1041 1038/1038
f 1040/1040 1038/1038 1041/1041
f 1041/1041 1039/1039 1042/1042
f 1043/1043 1041/1041 1042/1042
f 1044/1044 1040/1040 1041/1041
f 1041/1041 1043/1043 1044/1044
f 1040/1040 1044/1044 1045/1045
f 1046/1046 1044/1044 1043/1043
f 1044/1044 1047/1047 1045/1045
f 1044/1044 1046/1046 1048/1048
f 1047/1047 1044/1044 1048/1048
f 1049/1049 1050/1050 1051/1051
f 1050/1050 1049/1049 1052/1052
f 1053/1053 1054/1054 1055/1055
f 1054/1054 1053/1053 1056/1056
f 1057/1057 1058/1058 1059/1059
f 1058/1058 1057/1057 1060/1060
f 1057/1057 1061/1061 1060/1060
f 1061/1061 1062/1062 1060/1060
f 1063/1063 1064/1064 1065/1065
f 1063/1063 1065/1065 1066/1066
f 1067/1067 1063/1063 1066/1066
f 1068/1068 1067/1067 1066/1066
f 1069/1069 1070/1070 1071/1071
f 1070/1070 1069/1069 1072/1072
f 1073/1073 1071/1071 1070/1070
f 1074/1074 1072/1072 1069/1069
f 1071/1071 1073/1073 1075/1075
f 1072/1072 1074/1074 1076/1076
f 1075/1075 1073/1073 1077/1077
f 1074/1074 1078/1078 1076/1076
f 1077/1077 1073/1073 1079/1079
f 1080/1080 1078/1078 1074/1074
f 1081/1081 1077/1077 1079/1079
f 1082/1082 1078/1078 1080/1080
f 1077/1077 1081/1081 1083/1083
f 1078/1078 1082/1082 1084/1084
f 1083/1083 1081/1081 1085/1085
f 1082/1082 1086/1086 1084/1084
f 1085/1085 1081/1081 1087/1087
f 1088/1088 1086/1086 1082/1082
f 1085/1085 1087/1087 1089/1089
f 1090/1090 1086/1086 1088/1088
f 1085/1085 1089/1089 1091/1091
f 1086/1086 1090/1090 1092/1092
f 1091/1091 1089/1089 1093/1093
f 1092/1092 1090/1090 1094/1094
f 1093/1093 1089/1089 1095/1095
f 1093/1093 1095/1095 1096/1096
f 1096/1096 1095/1095 1097/1097
f 1098/1098 1094/1094 1090/1090
f 1098/1098 1099/1099 1094/1094
f 1100/1100 1099/1099 1098/1098
f 1100/1100 1101/1101 1099/1099
f 1102/1102 1101/1101 1100/1100
f 1103/1103 1104/1104 1105/1105
f 1105/1105 1104/1104 1106/1106
f 1103/1103 1107/1107 1104/1104
f 1106/1106 1108/1108 1105/1105
f 1109/1109 1107/1107 1103/1103
f 1109/1109 1110/1110 1107/1107
f 1110/1110 1109/1109 1111/1111
f 1108/1108 1106/1106 1112/1112
f 1113/1113 1108/1108 1112/1112
f 1108/1108 1113/1113 1114/1114
f 1115/1115 1114/1114 1113/1113
f 1114/1114 1115/1115 1116/1116
f 1117/1117 1116/1116 1115/1115
f 1116/1116 1117/1117 1118/1118
f 1119/1119 1120/1120 1121/1121
f 1122/1122 1121/1121 1120/1120
f 1120/1120 1119/1119 1123/1123
f 1121/1121 1122/1122 1124/1124
f 1125/1125 1124/1124 1122/1122
f 1124/1124 1126/1126 1127/1127
f 1128/1128 1123/1123 1119/1119
f 1123/1123 1128/1128 1129/1129
f 1128/1128 1130/1130 1129/1129
f 1131/1131 1130/1130 1128/1128
f 1131/1131 1132/1132 1130/1130
f 1132/1132 1131/1131 1133/1133
f 1133/1133 1134/1134 1132/1132
f 1134/1134 1133/1133 1135/1135
f 1136/1136 1137/1137 1138/1138
f 1137/1137 1136/1136 1139/1139
f 1140/1140 1141/1141 1142/1142
f 1142/1142 1141/1141 1143/1143
f 1144/1144 1145/1145 1146/1146
f 1146/1146 1147/1147 1144/1144
f 1145/1145 1144/1144 1148/1148
f 1148/1148 1144/1144 1149/1149
f 1150/1150 1151/1151 1152/1152
f 1151/1151 1150/1150 1153/1153
f 1154/1154 1155/1155 1156/1156
f 1155/1155 1154/1154 1157/1157
f 1158/1158 1155/1155 1157/1157
f 1155/1155 1158/1158 1159/1159
f 1160/1160 1161/1161 1162/1162
f 1162/1162 1163/1163 1160/1160
f 1164/1164 1165/1165 1166/1166
f 1165/1165 1164/1164 1167/1167
f 1168/1168 1169/1169 1170/1170
f 1169/1169 1171/1171 1170/1170
f 1168/1168 1172/1172 1169/1169
f 1171/1171 1169/1169 1173/1173
f 1174/1174 1172/1172 1168/1168
f 1173/1173 1175/1175 1171/1171
f 1174/1174 1176/1176 1172/1172
f 1175/1175 1173/1173 1177/1177
f 1178/1178 1176/1176 1174/1174
f 1177/1177 1179/1179 1175/1175
f 1176/1176 1178/1178 1180/1180
f 1179/1179 1177/1177 1181/1181
f 1178/1178 1182/1182 1180/1180
f 1179/1179 1181/1181 1183/1183
f 1182/1182 1178/1178 1184/1184
f 1179/1179 1183/1183 1185/1185
f 1184/1184 1186/1186 1182/1182
f 1185/1185 1183/1183 1187/1187
f 1186/1186 1184/1184 1188/1188
f 1185/1185 1187/1187 1189/1189
f 1190/1190 1186/1186 1188/1188
f 1187/1187 1191/1191 1189/1189
f 1190/1190 1192/1192 1186/1186
f 1191/1191 1187/1187 1193/1193
f 1194/1194 1192/1192 1190/1190
f 1193/1193 1195/1195 1191/1191
f 1194/1194 1196/1196 1192/1192
f 1195/1195 1193/1193 1197/1197
f 1198/1198 1196/1196 1194/1194
f 1199/1199 1195/1195 1197/1197
f 1196/1196 1198/1198 1200/1200
f 1200/1200 1201/1201 1196/1196
f 1201/1201 1200/1200 1202/1202
f 1195/1195 1199/1199 1203/1203
f 1203/1203 1199/1199 1204/1204
f 1203/1203 1204/1204 1205/1205
f 1205/1205 1204/1204 1206/1206
f 1205/1205 1206/1206 1207/1207
f 1206/1206 1208/1208 1207/1207
f 1208/1208 1206/1206 1209/1209
f 1209/1209 1210/1210 1208/1208
f 1210/1210 1209/1209 1211/1211
f 1210/1210 1211/1211 1212/1212
f 1212/1212 1213/1213 1210/1210
f 1214/1214 1215/1215 1216/1216
f 1215/1215 1214/1214 1217/1217
f 1218/1218 1219/1219 1220/1220
f 1220/1220 1219/1219 1221/1221
f 1222/1222 1223/1223 1224/1224
f 1223/1223 1222/1222 1225/1225
f 1226/1226 1227/1227 1228/1228
f 1227/1227 1226/1226 1229/1229
f 1226/1226 1228/1228 1230/1230
f 1230/1230 1231/1231 1226/1226
f 1231/1231 1230/1230 1232/1232
f 1232/1232 1233/1233 1231/1231
f 1234/1234 1235/1235 1236/1236
f 1235/1235 1234/1234 1237/1237
f 1236/1236 1238/1238 1234/1234
f 1238/1238 1236/1236 1239/1239
f 1240/1240 1238/1238 1239/1239
f 1238/1238 1240/1240 1241/1241
f 1242/1242 1243/1243 1244/1244
f 1242/1242 1244/1244 1245/1245
f 1246/1246 1244/1244 1243/1243
f 1244/1244 1246/1246 1247/1247
f 1248/1248 1249/1249 1250/1250
f 1248/1248 1250/1250 1251/1251
f 1251/1251 1250/1250 1252/1252
f 1250/1250 1253/1253 1252/1252
f 1252/1252 1253/1253 1254/1254
f 1255/1255 1252/1252 1254/1254
f 1256/1256 1257/1257 1258/1258
f 1257/1257 1256/1256 1259/1259
f 1260/1260 1261/1261 1262/1262
f 1260/1260 1262/1262 1263/1263
f 1264/1264 1265/1265 1266/1266
f 1265/1265 1264/1264 1267/1267
f 1268/1268 1264/1264 1266/1266
f 1264/1264 1268/1268 1269/1269
f 1270/1270 1271/1271 1272/1272
f 1271/1271 1270/1270 1273/1273
f 1274/1274 1275/1275 1276/1276
f 1275/1275 1274/1274 1277/1277
f 1278/1278 1279/1279 1280/1280
f 1278/1278 1280/1280 1281/1281
f 1282/1282 1281/1281 1280/1280
f 1281/1281 1282/1282 1283/1283
f 1282/1282 1284/1284 1283/1283
f 1284/1284 1282/1282 1285/1285
f 1286/1286 1287/1287 1288/1288
f 1289/1289 1286/1286 1288/1288
f 1286/1286 1290/1290 1287/1287
f 1287/1287 1290/1290 1291/1291
f 1290/1290 1286/1286 1292/1292
f 1293/1293 1290/1290 1292/1292
f 1293/1293 1292/1292 1294/1294
f 1294/1294 1292/1292 1295/1295
f 1292/1292 1296/1296 1295/1295
f 1296/1296 1292/1292 1297/1297
f 1298/1298 1296/1296 1297/1297
f 1296/1296 1298/1298 1299/1299
f 1299/1299 1298/1298 1300/1300
f 1300/1300 1298/1298 1301/1301
f 1301/1301 1298/1298 1302/1302
f 1303/1303 1302/1302 1298/1298
f 1303/1303 1304/1304 1302/1302
f 1305/1305 1302/1302 1304/1304
f 1304/1304 1303/1303 1306/1306
f 1306/1306 1303/1303 1307/1307
f 1308/1308 1309/1309 1310/1310
f 1311/1311 1309/1309 1308/1308
f 1309/1309 1311/1311 1312/1312
f 1312/1312 1313/1313 1309/1309
f 1312/1312 1314/1314 1313/1313
f 1314/1314 1312/1312 1315/1315
f 1316/1316 1314/1314 1315/1315
f 1315/1315 1317/1317 1316/1316
f 1317/1317 1315/1315 1318/1318
f 1318/1318 1319/1319 1317/1317
f 1318/1318 1320/1320 1319/1319
f 1320/1320 1318/1318 1321/1321
f 1320/1320 1321/1321 1322/1322
f 1320/1320 1322/1322 1323/1323
f 1324/1324 1325/1325 1326/1326
f 1325/1325 1327/1327 1326/1326
f 1325/1325 1324/1324 1328/1328
f 1327/1327 1325/1325 1329/1329
f 1330/1330 1328/1328 1324/1324
f 1329/1329 1331/1331 1327/1327
f 1330/1330 1332/1332 1328/1328
f 1332/1332 1330/1330 1333/1333
f 1333/1333 1330/1330 1334/1334
f 1330/1330 1335/1335 1334/1334
f 1335/1335 1330/1330 1336/1336
f 1335/1335 1336/1336 1337/1337
f 1337/1337 1336/1336 1338/1338
f 1338/1338 1339/1339 1337/1337
f 1337/1337 1339/1339 1340/1340
f 1331/1331 1329/1329 1341/1341
f 1342/1342 1331/1331 1341/1341
f 1343/1343 1331/1331 1342/1342
f 1344/1344 1331/1331 1343/1343
f 1331/1331 1344/1344 1345/1345
f 1346/1346 1345/1345 1344/1344
f 1347/1347 1345/1345 1346/1346
f 1348/1348 1347/1347 1346/1346
f 1346/1346 1349/1349 1348/1348
f 1350/1350 1351/1351 1352/1352
f 1352/1352 1351/1351 1353/1353
f 1354/1354 1355/1355 1356/1356
f 1355/1355 1354/1354 1357/1357
f 1358/1358 1359/1359 1360/1360
f 1359/1359 1358/1358 1361/1361
f 1362/1362 1363/1363 1364/1364
f 1362/1362 1364/1364 1365/1365
f 1366/1366 1367/1367 1368/1368
f 1368/1368 1367/1367 1369/1369
f 1366/1366 1370/1370 1367/1367
f 1368/1368 1369/1369 1371/1371
f 1372/1372 1370/1370 1366/1366
f 1372/1372 1373/1373 1370/1370
f 1373/1373 1372/1372 1374/1374
f 1371/1371 1369/1369 1375/1375
f 1376/1376 1371/1371 1375/1375
f 1371/1371 1376/1376 1377/1377
f 1378/1378 1377/1377 1376/1376
f 1377/1377 1378/1378 1379/1379
f 1380/1380 1379/1379 1378/1378
f 1379/1379 1380/1380 1381/1381
f 1381/1381 1380/1380 1382/1382
f 1382/1382 1383/1383 1381/1381
f 1384/1384 1385/1385 1386/1386
f 1387/1387 1386/1386 1385/1385
f 1385/1385 1384/1384 1388/1388
f 1386/1386 1387/1387 1389/1389
f 1390/1390 1389/1389 1387/1387
f 1389/1389 1391/1391 1392/1392
f 1393/1393 1388/1388 1384/1384
f 1388/1388 1393/1393 1394/1394
f 1393/1393 1395/1395 1394/1394
f 1396/1396 1395/1395 1393/1393
f 1396/1396 1397/1397 1395/1395
f 1397/1397 1396/1396 1398/1398
f 1398/1398 1399/1399 1397/1397
f 1399/1399 1398/1398 1400/1400
f 1400/1400 1401/1401 1399/1399
f 1402/1402 1401/1401 1400/1400
f 1403/1403 1404/1404 1405/1405
f 1403/1403 1405/1405 1406/1406
f 1407/1407 1403/1403 1406/1406
f 1403/1403 1407/1407 1408/1408
f 1409/1409 1408/1408 1407/1407
f 1408/1408 1409/1409 1410/1410
f 1411/1411 1410/1410 1409/1409
f 1411/1411 1409/1409 1412/1412
f 1413/1413 1411/1411 1412/1412
f 1414/1414 1413/1413 1412/1412
f 1413/1413 1414/1414 1415/1415
f 1415/1415 1414/1414 1416/1416
f 1417/1417 1415/1415 1416/1416
f 1415/1415 1417/1417 1418/1418
f 1419/1419 1418/1418 1417/1417
f 1418/1418 1419/1419 1420/1420
f 1421/1421 1420/1420 1419/1419
f 1421/1421 1419/1419 1422/1422
f 1423/1423 1421/1421 1422/1422
f 1424/1424 1423/1423 1422/1422
f 1425/1425 1423/1423 1424/1424
f 1425/1425 1424/1424 1426/1426
f 1427/1427 1426/1426 1424/1424
f 1426/1426 1427/1427 1428/1428
f 1429/1429 1430/1430 1431/1431
f 1430/1430 1429/1429 1432/1432
f 1432/1432 1429/1429 1433/1433
f 1433/1433 1429/1429 1434/1434
f 1433/1433 1434/1434 1435/1435
f 1436/1436 1437/1437 1438/1438
f 1436/1436 1439/1439 1437/1437
f 1440/1440 1436/1436 1438/1438
f 1441/1441 1437/1437 1439/1439
f 1442/1442 1440/1440 1438/1438
f 1437/1437 1441/1441 1443/1443
f 1440/1440 1442/1442 1444/1444
f 1445/1445 1443/1443 1441/1441
f 1444/1444 1442/1442 1446/1446
f 1445/1445 1447/1447 1443/1443
f 1448/1448 1444/1444 1446/1446
f 1449/1449 1447/1447 1445/1445
f 1444/1444 1448/1448 1450/1450
f 1447/1447 1449/1449 1451/1451
f 1452/1452 1450/1450 1448/1448
f 1451/1451 1449/1449 1453/1453
f 1450/1450 1452/1452 1454/1454
f 1449/1449 1455/1455 1453/1453
f 1456/1456 1454/1454 1452/1452
f 1455/1455 1457/1457 1453/1453
f 1456/1456 1452/1452 1458/1458
f 1455/1455 1459/1459 1457/1457
f 1460/1460 1456/1456 1458/1458
f 1461/1461 1457/1457 1459/1459
f 1462/1462 1460/1460 1458/1458
f 1457/1457 1461/1461 1463/1463
f 1464/1464 1460/1460 1462/1462
f 1465/1465 1463/1463 1461/1461
f 1464/1464 1462/1462 1466/1466
f 1467/1467 1466/1466 1462/1462
f 1466/1466 1467/1467 1468/1468
f 1465/1465 1469/1469 1463/1463
f 1465/1465 1470/1470 1469/1469
f 1471/1471 1470/1470 1465/1465
f 1470/1470 1471/1471 1472/1472
f 1471/1471 1473/1473 1472/1472
f 1473/1473 1474/1474 1472/1472
f 1473/1473 1475/1475 1474/1474
f 1476/1476 1474/1474 1475/1475
f 1474/1474 1476/1476 1477/1477
f 1478/1478 1477/1477 1476/1476
f 1478/1478 1479/1479 1477/1477
f 1478/1478 1480/1480 1479/1479
f 1481/1481 1480/1480 1478/1478
f 1482/1482 1483/1483 1484/1484
f 1483/1483 1482/1482 1485/1485
f 1486/1486 1487/1487 1488/1488
f 1489/1489 1488/1488 1487/1487
f 1487/1487 1486/1486 1490/1490
f 1488/1488 1489/1489 1491/1491
f 1492/1492 1490/1490 1486/1486
f 1493/1493 1491/1491 1489/1489
f 1490/1490 1492/1492 1494/1494
f 1491/1491 1493/1493 1495/1495
f 1496/1496 1494/1494 1492/1492
f 1495/1495 1493/1493 1497/1497
f 1494/1494 1496/1496 1498/1498
f 1495/1495 1497/1497 1499/1499
f 1496/1496 1500/1500 1498/1498
f 1497/1497 1501/1501 1499/1499
f 1500/1500 1496/1496 1502/1502
f 1501/1501 1497/1497 1503/1503
f 1504/1504 1500/1500 1502/1502
f 1503/1503 1505/1505 1501/1501
f 1500/1500 1504/1504 1506/1506
f 1505/1505 1503/1503 1507/1507
f 1504/1504 1508/1508 1506/1506
f 1509/1509 1505/1505 1507/1507
f 1508/1508 1504/1504 1510/1510
f 1505/1505 1509/1509 1511/1511
f 1508/1508 1510/1510 1512/1512
f 1513/1513 1511/1511 1509/1509
f 1512/1512 1510/1510 1514/1514
f 1515/1515 1512/1512 1514/1514
f 1512/1512 1515/1515 1516/1516
f 1511/1511 1513/1513 1517/1517
f 1518/1518 1517/1517 1513/1513
f 1517/1517 1518/1518 1519/1519
f 1520/1520 1521/1521 1522/1522
f 1521/1521 1520/1520 1523/1523
f 1523/1523 1520/1520 1524/1524
f 1524/1524 1520/1520 1525/1525
f 1524/1524 1525/1525 1526/1526
f 1527/1527 1528/1528 1529/1529
f 1530/1530 1528/1528 1527/1527
f 1531/1531 1528/1528 1530/1530
f 1531/1531 1532/1532 1528/1528
f 1532/1532 1531/1531 1533/1533
f 1534/1534 1532/1532 1533/1533
f 1535/1535 1532/1532 1534/1534
f 1536/1536 1535/1535 1534/1534
f 1537/1537 1535/1535 1536/1536
f 1537/1537 1538/1538 1535/1535
f 1539/1539 1540/1540 1541/1541
f 1540/1540 1539/1539 1542/1542
f 1543/1543 1544/1544 1545/1545
f 1544/1544 1546/1546 1545/1545
f 1544/1544 1543/1543 1547/1547
f 1546/1546 1544/1544 1548/1548
f 1543/1543 1549/1549 1547/1547
f 1548/1548 1550/1550 1546/1546
f 1549/1549 1543/1543 1551/1551
f 1550/1550 1548/1548 1552/1552
f 1551/1551 1553/1553 1549/1549
f 1554/1554 1550/1550 1552/1552
f 1553/1553 1551/1551 1555/1555
f 1550/1550 1554/1554 1556/1556
f 1555/1555 1557/1557 1553/1553
f 1558/1558 1556/1556 1554/1554
f 1557/1557 1555/1555 1559/1559
f 1556/1556 1558/1558 1560/1560
f 1559/1559 1561/1561 1557/1557
f 1562/1562 1560/1560 1558/1558
f 1561/1561 1559/1559 1563/1563
f 1560/1560 1562/1562 1564/1564
f 1561/1561 1563/1563 1565/1565
f 1564/1564 1562/1562 1566/1566
f 1565/1565 1563/1563 1567/1567
f 1564/1564 1566/1566 1568/1568
f 1569/1569 1565/1565 1567/1567
f 1570/1570 1568/1568 1566/1566
f 1565/1565 1569/1569 1571/1571
f 1572/1572 1571/1571 1569/1569
f 1571/1571 1572/1572 1573/1573
f 1568/1568 1570/1570 1574/1574
f 1575/1575 1574/1574 1570/1570
f 1574/1574 1575/1575 1576/1576
f 1577/1577 1578/1578 1579/1579
f 1579/1579 1578/1578 1580/1580
f 1577/1577 1581/1581 1578/1578
f 1579/1579 1580/1580 1582/1582
f 1583/1583 1581/1581 1577/1577
f 1582/1582 1580/1580 1584/1584
f 1583/1583 1585/1585 1581/1581
f 1586/1586 1582/1582 1584/1584
f 1587/1587 1585/1585 1583/1583
f 1582/1582 1586/1586 1588/1588
f 1585/1585 1587/1587 1589/1589
f 1590/1590 1588/1588 1586/1586
f 1591/1591 1589/1589 1587/1587
f 1588/1588 1590/1590 1592/1592
f 1593/1593 1589/1589 1591/1591
f 1592/1592 1590/1590 1594/1594
f 1589/1589 1593/1593 1595/1595
f 1594/1594 1590/1590 1596/1596
f 1597/1597 1595/1595 1593/1593
f 1594/1594 1596/1596 1598/1598
f 1595/1595 1597/1597 1599/1599
f 1598/1598 1596/1596 1600/1600
f 1601/1601 1599/1599 1597/1597
f 1598/1598 1600/1600 1602/1602
f 1599/1599 1601/1601 1603/1603
f 1598/1598 1602/1602 1604/1604
f 1604/1604 1602/1602 1605/1605
f 1605/1605 1602/1602 1606/1606
f 1601/1601 1607/1607 1603/1603
f 1608/1608 1607/1607 1601/1601
f 1608/1608 1609/1609 1607/1607
f 1610/1610 1609/1609 1608/1608
f 1611/1611 1612/1612 1613/1613
f 1613/1613 1612/1612 1614/1614
f 1615/1615 1616/1616 1617/1617
f 1616/1616 1615/1615 1618/1618
f 1616/1616 1618/1618 1619/1619
f 1619/1619 1618/1618 1620/1620
f 1621/1621 1622/1622 1623/1623
f 1621/1621 1624/1624 1622/1622
f 1625/1625 1624/1624 1621/1621
f 1624/1624 1625/1625 1626/1626
f 1627/1627 1628/1628 1629/1629
f 1629/1629 1628/1628 1630/1630
f 1631/1631 1629/1629 1630/1630
f 1631/1631 1630/1630 1632/1632
f 1632/1632 1633/1633 1631/1631
f 1633/1633 1632/1632 1634/1634
f 1633/1633 1634/1634 1635/1635
f 1635/1635 1634/1634 1636/1636
f 1637/1637 1635/1635 1636/1636
f 1635/1635 1637/1637 1638/1638
f 1639/1639 1638/1638 1637/1637
f 1638/1638 1639/1639 1640/1640
f 1641/1641 1640/1640 1639/1639
f 1640/1640 1641/1641 1642/1642
f 1643/1643 1642/1642 1641/1641
f 1642/1642 1643/1643 1644/1644
f 1644/1644 1643/1643 1645/1645
f 1646/1646 1644/1644 1645/1645
f 1647/1647 1646/1646 1645/1645
f 1647/1647 1645/1645 1648/1648
f 1647/1647 1648/1648 1649/1649
f 1649/1649 1648/1648 1650/1650
f 1650/1650 1651/1651 1649/1649
f 1651/1651 1650/1650 1652/1652
f 1651/1651 1652/1652 1653/1653
f 1653/1653 1652/1652 1654/1654
f 1655/1655 1653/1653 1654/1654
f 1653/1653 1655/1655 1656/1656
f 1657/1657 1656/1656 1655/1655
f 1656/1656 1657/1657 1658/1658
f 1659/1659 1658/1658 1657/1657
f 1658/1658 1659/1659 1660/1660
f 1661/1661 1660/1660 1659/1659
f 1660/1660 1661/1661 1662/1662
f 1663/1663 1664/1664 1665/1665
f 1664/1664 1666/1666 1665/1665
f 1667/1667 1666/1666 1664/1664
f 1666/1666 1667/1667 1668/1668
f 1669/1669 1668/1668 1667/1667
f 1668/1668 1669/1669 1670/1670
f 1671/1671 1670/1670 1669/1669
f 1670/1670 1671/1671 1672/1672
f 1671/1671 1673/1673 1672/1672
f 1673/1673 1671/1671 1674/1674
f 1674/1674 1675/1675 1673/1673
f 1676/1676 1675/1675 1674/1674
f 1676/1676 1677/1677 1675/1675
f 1677/1677 1676/1676 1678/1678
f 1678/1678 1679/1679 1677/1677
f 1679/1679 1678/1678 1680/1680
f 1680/1680 1681/1681 1679/1679
f 1682/1682 1681/1681 1680/1680
f 1683/1683 1681/1681 1682/1682
f 1681/1681 1683/1683 1684/1684
f 1683/1683 1685/1685 1684/1684
f 1685/1685 1686/1686 1684/1684
f 1687/1687 1686/1686 1685/1685
f 1686/1686 1687/1687 1688/1688
f 1689/1689 1688/1688 1687/1687
f 1688/1688 1689/1689 1690/1690
f 1689/1689 1691/1691 1690/1690
f 1691/1691 1689/1689 1692/1692
f 1692/1692 1693/1693 1691/1691
f 1694/1694 1693/1693 1692/1692
f 1694/1694 1695/1695 1693/1693
f 1695/1695 1694/1694 1696/1696
f 1696/1696 1697/1697 1695/1695
f 1697/1697 1696/1696 1698/1698
f 1699/1699 1700/1700 1701/1701
f 1702/1702 1699/1699 1701/1701
f 1700/1700 1699/1699 1703/1703
f 1699/1699 1702/1702 1704/1704
f 1705/1705 1700/1700 1703/1703
f 1699/1699 1706/1706 1703/1703
f 1706/1706 1705/1705 1703/1703
f 1706/1706 1699/1699 1707/1707
f 1704/1704 1707/1707 1699/1699
f 1705/1705 1706/1706 1708/1708
f 1707/1707 1704/1704 1709/1709
f 1700/1700 1705/1705 1710/1710
f 1711/1711 1705/1705 1708/1708
f 1704/1704 1712/1712 1709/1709
f 1713/1713 1704/1704 1702/1702
f 1714/1714 1710/1710 1705/1705
f 1705/1705 1711/1711 1714/1714
f 1710/1710 1714/1714 1715/1715
f 1711/1711 1716/1716 1714/1714
f 1716/1716 1715/1715 1714/1714
f 1716/1716 1711/1711 1717/1717
f 1715/1715 1716/1716 1718/1718
f 1704/1704 1713/1713 1719/1719
f 1712/1712 1704/1704 1719/1719
f 1720/1720 1719/1719 1713/1713
f 1719/1719 1721/1721 1712/1712
f 1719/1719 1720/1720 1722/1722
f 1721/1721 1719/1719 1722/1722
f 1723/1723 1722/1722 1720/1720
f 1724/1724 1721/1721 1722/1722
f 1722/1722 1723/1723 1724/1724
f 1721/1721 1724/1724 1725/1725
f 1726/1726 1724/1724 1723/1723
f 1724/1724 1727/1727 1725/1725
f 1724/1724 1726/1726 1728/1728
f 1727/1727 1724/1724 1728/1728
f 1726/1726 1729/1729 1728/1728
f 1729/1729 1727/1727 1728/1728
f 1729/1729 1726/1726 1730/1730
f 1727/1727 1729/1729 1731/1731
f 1730/1730 1732/1732 1729/1729
f 1732/1732 1731/1731 1729/1729
f 1731/1731 1732/1732 1733/1733
f 1732/1732 1734/1734 1733/1733
f 1732/1732 1730/1730 1735/1735
f 1734/1734 1732/1732 1736/1736
f 1735/1735 1736/1736 1732/1732
f 1736/1736 1735/1735 1737/1737
f 1738/1738 1739/1739 1740/1740
f 1740/1740 1739/1739 1741/1741
f 1738/1738 1742/1742 1739/1739
f 1740/1740 1741/1741 1743/1743
f 1744/1744 1742/1742 1738/1738
f 1743/1743 1741/1741 1745/1745
f 1746/1746 1742/1742 1744/1744
f 1747/1747 1743/1743 1745/1745
f 1742/1742 1746/1746 1748/1748
f 1743/1743 1747/1747 1749/1749
f 1748/1748 1746/1746 1750/1750
f 1751/1751 1749/1749 1747/1747
f 1752/1752 1750/1750 1746/1746
f 1749/1749 1751/1751 1753/1753
f 1752/1752 1754/1754 1750/1750
f 1753/1753 1751/1751 1755/1755
f 1756/1756 1754/1754 1752/1752
f 1755/1755 1751/1751 1757/1757
f 1758/1758 1754/1754 1756/1756
f 1755/1755 1757/1757 1759/1759
f 1754/1754 1758/1758 1760/1760
f 1759/1759 1757/1757 1761/1761
f 1762/1762 1760/1760 1758/1758
f 1759/1759 1761/1761 1763/1763
f 1760/1760 1762/1762 1764/1764
f 1759/1759 1763/1763 1765/1765
f 1765/1765 1763/1763 1766/1766
f 1766/1766 1763/1763 1767/1767
f 1762/1762 1768/1768 1764/1764
f 1769/1769 1768/1768 1762/1762
f 1769/1769 1770/1770 1768/1768
f 1771/1771 1770/1770 1769/1769
f 1772/1772 1773/1773 1774/1774
f 1774/1774 1775/1775 1772/1772
f 1776/1776 1777/1777 1778/1778
f 1778/1778 1777/1777 1779/1779
f 1780/1780 1777/1777 1776/1776
f 1777/1777 1780/1780 1781/1781
f 1782/1782 1783/1783 1784/1784
f 1784/1784 1783/1783 1785/1785
f 1786/1786 1787/1787 1788/1788
f 1788/1788 1789/1789 1786/1786
f 1790/1790 1791/1791 1792/1792
f 1791/1791 1790/1790 1793/1793
f 1794/1794 1792/1792 1791/1791
f 1795/1795 1793/1793 1790/1790
f 1792/1792 1794/1794 1796/1796
f 1793/1793 1795/1795 1797/1797
f 1794/1794 1798/1798 1796/1796
f 1795/1795 1799/1799 1797/1797
f 1798/1798 1794/1794 1800/1800
f 1799/1799 1795/1795 1801/1801
f 1798/1798 1800/1800 1802/1802
f 1803/1803 1799/1799 1801/1801
f 1798/1798 1802/1802 1804/1804
f 1799/1799 1803/1803 1805/1805
f 1802/1802 1806/1806 1804/1804
f 1807/1807 1805/1805 1803/1803
f 1806/1806 1802/1802 1808/1808
f 1805/1805 1807/1807 1809/1809
f 1808/1808 1810/1810 1806/1806
f 1811/1811 1809/1809 1807/1807
f 1810/1810 1808/1808 1812/1812
f 1809/1809 1811/1811 1813/1813
f 1812/1812 1814/1814 1810/1810
f 1813/1813 1811/1811 1815/1815
f 1814/1814 1812/1812 1816/1816
f 1815/1815 1811/1811 1817/1817
f 1818/1818 1815/1815 1817/1817
f 1815/1815 1818/1818 1819/1819
f 1820/1820 1814/1814 1816/1816
f 1814/1814 1820/1820 1821/1821
f 1822/1822 1821/1821 1820/1820
f 1821/1821 1822/1822 1823/1823
f 1824/1824 1825/1825 1826/1826
f 1826/1826 1825/1825 1827/1827
f 1828/1828 1829/1829 1830/1830
f 1829/1829 1828/1828 1831/1831
f 1830/1830 1832/1832 1828/1828
f 1833/1833 1831/1831 1828/1828
f 1832/1832 1833/1833 1828/1828
f 1832/1832 1830/1830 1834/1834
f 1833/1833 1832/1832 1835/1835
f 1831/1831 1833/1833 1836/1836
f 1837/1837 1833/1833 1835/1835
f 1838/1838 1834/1834 1830/1830
f 1829/1829 1838/1838 1830/1830
f 1834/1834 1838/1838 1839/1839
f 1838/1838 1829/1829 1840/1840
f 1838/1838 1841/1841 1839/1839
f 1833/1833 1837/1837 1842/1842
f 1842/1842 1836/1836 1833/1833
f 1843/1843 1842/1842 1837/1837
f 1836/1836 1842/1842 1844/1844
f 1842/1842 1843/1843 1845/1845
f 1842/1842 1846/1846 1844/1844
f 1846/1846 1842/1842 1845/1845
f 1841/1841 1838/1838 1847/1847
f 1840/1840 1847/1847 1838/1838
f 1847/1847 1840/1840 1848/1848
f 1847/1847 1849/1849 1841/1841
f 1850/1850 1847/1847 1848/1848
f 1847/1847 1850/1850 1851/1851
f 1849/1849 1847/1847 1851/1851
f 1852/1852 1851/1851 1850/1850
f 1853/1853 1849/1849 1851/1851
f 1851/1851 1852/1852 1853/1853
f 1849/1849 1853/1853 1854/1854
f 1855/1855 1853/1853 1852/1852
f 1853/1853 1856/1856 1854/1854
f 1856/1856 1853/1853 1857/1857
f 1853/1853 1855/1855 1857/1857
f 1857/1857 1858/1858 1856/1856
f 1855/1855 1859/1859 1857/1857
f 1858/1858 1857/1857 1859/1859
f 1859/1859 1855/1855 1860/1860
f 1861/1861 1859/1859 1860/1860
f 1862/1862 1858/1858 1859/1859
f 1859/1859 1861/1861 1862/1862
f 1858/1858 1862/1862 1863/1863
f 1864/1864 1862/1862 1861/1861
f 1862/1862 1865/1865 1863/1863
f 1862/1862 1864/1864 1866/1866
f 1865/1865 1862/1862 1866/1866
f 1867/1867 1868/1868 1869/1869
f 1868/1868 1867/1867 1870/1870
f 1871/1871 1872/1872 1873/1873
f 1873/1873 1872/1872 1874/1874
f 1871/1871 1875/1875 1872/1872
f 1873/1873 1874/1874 1876/1876
f 1871/1871 1873/1873 1877/1877
f 1876/1876 1877/1877 1873/1873
f 1878/1878 1871/1871 1877/1877
f 1877/1877 1876/1876 1879/1879
f 1876/1876 1874/1874 1880/1880
f 1879/1879 1876/1876 1881/1881
f 1876/1876 1880/1880 1882/1882
f 1876/1876 1882/1882 1881/1881
f 1882/1882 1880/1880 1883/1883
f 1881/1881 1882/1882 1884/1884
f 1885/1885 1882/1882 1883/1883
f 1882/1882 1886/1886 1884/1884
f 1882/1882 1885/1885 1886/1886
f 1887/1887 1871/1871 1878/1878
f 1887/1887 1875/1875 1871/1871
f 1888/1888 1887/1887 1878/1878
f 1889/1889 1887/1887 1888/1888
f 1890/1890 1875/1875 1887/1887
f 1887/1887 1889/1889 1890/1890
f 1875/1875 1890/1890 1891/1891
f 1890/1890 1892/1892 1891/1891
f 1893/1893 1890/1890 1889/1889
f 1893/1893 1892/1892 1890/1890
f 1894/1894 1893/1893 1889/1889
f 1893/1893 1895/1895 1892/1892
f 1896/1896 1893/1893 1894/1894
f 1896/1896 1895/1895 1893/1893
f 1897/1897 1896/1896 1894/1894
f 1896/1896 1898/1898 1895/1895
f 1899/1899 1896/1896 1897/1897
f 1896/1896 1899/1899 1900/1900
f 1900/1900 1898/1898 1896/1896
f 1901/1901 1900/1900 1899/1899
f 1902/1902 1898/1898 1900/1900
f 1900/1900 1901/1901 1902/1902
f 1898/1898 1902/1902 1903/1903
f 1902/1902 1904/1904 1903/1903
f 1905/1905 1902/1902 1901/1901
f 1905/1905 1904/1904 1902/1902
f 1906/1906 1905/1905 1901/1901
f 1905/1905 1907/1907 1904/1904
f 1908/1908 1905/1905 1906/1906
f 1909/1909 1907/1907 1905/1905
f 1905/1905 1908/1908 1909/1909
f 1910/1910 1911/1911 1912/1912
f 1911/1911 1910/1910 1913/1913
f 1914/1914 1915/1915 1916/1916
f 1915/1915 1917/1917 1918/1918
f 1917/1917 1915/1915 1919/1919
f 1915/1915 1914/1914 1919/1919
f 1919/1919 1914/1914 1920/1920
f 1920/1920 1914/1914 1921/1921
f 1920/1920 1922/1922 1919/1919
f 1923/1923 1922/1922 1920/1920
f 1924/1924 1925/1925 1926/1926
f 1925/1925 1924/1924 1927/1927
f 1928/1928 1929/1929 1930/1930
f 1929/1929 1928/1928 1931/1931
f 1932/1932 1933/1933 1934/1934
f 1933/1933 1935/1935 1936/1936
f 1936/1936 1937/1937 1933/1933
f 1937/1937 1934/1934 1933/1933
f 1934/1934 1937/1937 1938/1938
f 1934/1934 1938/1938 1939/1939
f 1938/1938 1937/1937 1940/1940
f 1941/1941 1938/1938 1940/1940
f 1942/1942 1943/1943 1944/1944
f 1942/1942 1944/1944 1945/1945
f 1946/1946 1947/1947 1948/1948
f 1947/1947 1946/1946 1949/1949
f 1950/1950 1951/1951 1952/1952
f 1951/1951 1950/1950 1953/1953
f 1954/1954 1952/1952 1951/1951
f 1951/1951 1955/1955 1954/1954
f 1950/1950 1952/1952 1956/1956
f 1950/1950 1956/1956 1957/1957
f 1956/1956 1952/1952 1958/1958
f 1958/1958 1959/1959 1956/1956
f 1960/1960 1961/1961 1962/1962
f 1961/1961 1960/1960 1963/1963
f 1964/1964 1961/1961 1963/1963
f 1961/1961 1964/1964 1965/1965
f 1966/1966 1967/1967 1968/1968
f 1968/1968 1969/1969 1966/1966
f 1970/1970 1971/1971 1972/1972
f 1971/1971 1970/1970 1973/1973
f 1974/1974 1975/1975 1976/1976
f 1975/1975 1974/1974 1977/1977
f 1978/1978 1979/1979 1980/1980
f 1979/1979 1978/1978 1981/1981
f 1978/1978 1982/1982 1981/1981
f 1982/1982 1983/1983 1981/1981
f 1984/1984 1985/1985 1986/1986
f 1984/1984 1986/1986 1987/1987
f 1988/1988 1984/1984 1987/1987
f 1989/1989 1988/1988 1987/1987
f 1990/1990 1991/1991 1992/1992
f 1990/1990 1992/1992 1993/1993
f 1994/1994 1995/1995 1996/1996
f 1995/1995 1994/1994 1997/1997
f 1998/1998 1999/1999 2000/2000
f 1998/1998 2000/2000 2001/2001
f 2002/2002 2003/2003 2004/2004
f 2003/2003 2002/2002 2005/2005
f 2006/2006 2007/2007 2008/2008
f 2006/2006 2008/2008 2009/2009
f 2010/2010 2011/2011 2012/2012
f 2011/2011 2010/2010 2013/2013
f 2014/2014 2015/2015 2016/2016
f 2015/2015 2014/2014 2017/2017
f 2014/2014 2018/2018 2017/2017
f 2018/2018 2014/2014 2019/2019
f 2019/2019 2020/2020 2018/2018
f 2020/2020 2019/2019 2021/2021
f 2022/2022 2020/2020 2021/2021
f 2022/2022 2023/2023 2020/2020
f 2024/2024 2023/2023 2022/2022
f 2024/2024 2025/2025 2023/2023
f 2026/2026 2025/2025 2024/2024
f 2025/2025 2026/2026 2027/2027
f 2026/2026 2028/2028 2027/2027
f 2028/2028 2026/2026 2029/2029
f 2029/2029 2030/2030 2028/2028
f 2030/2030 2029/2029 2031/2031
f 2032/2032 2030/2030 2031/2031
f 2032/2032 2033/2033 2030/2030
f 2034/2034 2033/2033 2032/2032
f 2034/2034 2035/2035 2033/2033
f 2036/2036 2035/2035 2034/2034
f 2035/2035 2036/2036 2037/2037
f 2038/2038 2035/2035 2037/2037
f 2037/2037 2039/2039 2038/2038
f 2040/2040 2041/2041 2042/2042
f 2042/2042 2043/2043 2040/2040
f 2044/2044 2045/2045 2046/2046
f 2045/2045 2044/2044 2047/2047
f 2048/2048 2049/2049 2050/2050
f 2050/2050 2049/2049 2051/2051
f 2052/2052 2053/2053 2054/2054
f 2052/2052 2054/2054 2055/2055
f 2056/2056 2057/2057 2058/2058
f 2057/2057 2056/2056 2059/2059
f 2060/2060 2061/2061 2062/2062
f 2061/2061 2063/2063 2062/2062
f 2062/2062 2063/2063 2064/2064
f 2060/2060 2062/2062 2064/2064
f 2064/2064 2063/2063 2065/2065
f 2066/2066 2060/2060 2064/2064
f 2063/2063 2061/2061 2067/2067
f 2066/2066 2068/2068 2060/2060
f 2068/2068 2066/2066 2069/2069
f 2068/2068 2070/2070 2060/2060
f 2061/2061 2060/2060 2070/2070
f 2068/2068 2071/2071 2070/2070
f 2061/2061 2072/2072 2067/2067
f 2073/2073 2070/2070 2071/2071
f 2074/2074 2072/2072 2061/2061
f 2070/2070 2075/2075 2061/2061
f 2075/2075 2074/2074 2061/2061
f 2070/2070 2073/2073 2075/2075
f 2076/2076 2072/2072 2074/2074
f 2075/2075 2076/2076 2074/2074
f 2072/2072 2076/2076 2077/2077
f 2073/2073 2078/2078 2075/2075
f 2076/2076 2075/2075 2078/2078
f 2073/2073 2079/2079 2078/2078
f 2076/2076 2080/2080 2077/2077
f 2081/2081 2078/2078 2079/2079
f 2082/2082 2080/2080 2076/2076
f 2078/2078 2083/2083 2076/2076
f 2083/2083 2082/2082 2076/2076
f 2078/2078 2081/2081 2083/2083
f 2084/2084 2080/2080 2082/2082
f 2083/2083 2084/2084 2082/2082
f 2080/2080 2084/2084 2085/2085
f 2081/2081 2086/2086 2083/2083
f 2084/2084 2083/2083 2086/2086
f 2081/2081 2087/2087 2086/2086
f 2084/2084 2088/2088 2085/2085
f 2089/2089 2086/2086 2087/2087
f 2090/2090 2088/2088 2084/2084
f 2091/2091 2088/2088 2090/2090
f 2088/2088 2091/2091 2092/2092
f 2093/2093 2090/2090 2084/2084
f 2086/2086 2093/2093 2084/2084
f 2093/2093 2091/2091 2090/2090
f 2086/2086 2089/2089 2093/2093
f 2091/2091 2093/2093 2094/2094
f 2089/2089 2094/2094 2093/2093
f 2089/2089 2095/2095 2094/2094
f 2096/2096 2097/2097 2098/2098
f 2097/2097 2096/2096 2099/2099
f 2100/2100 2101/2101 2102/2102
f 2103/2103 2100/2100 2102/2102
f 2101/2101 2100/2100 2104/2104
f 2100/2100 2103/2103 2105/2105
f 2104/2104 2106/2106 2101/2101
f 2107/2107 2105/2105 2103/2103
f 2106/2106 2104/2104 2108/2108
f 2105/2105 2107/2107 2109/2109
f 2110/2110 2106/2106 2108/2108
f 2107/2107 2111/2111 2109/2109
f 2106/2106 2110/2110 2112/2112
f 2111/2111 2107/2107 2113/2113
f 2114/2114 2112/2112 2110/2110
f 2113/2113 2115/2115 2111/2111
f 2112/2112 2114/2114 2116/2116
f 2115/2115 2113/2113 2117/2117
f 2114/2114 2118/2118 2116/2116
f 2119/2119 2115/2115 2117/2117
f 2118/2118 2114/2114 2120/2120
f 2115/2115 2119/2119 2121/2121
f 2122/2122 2118/2118 2120/2120
f 2119/2119 2123/2123 2121/2121
f 2118/2118 2122/2122 2124/2124
f 2123/2123 2119/2119 2125/2125
f 2126/2126 2124/2124 2122/2122
f 2127/2127 2123/2123 2125/2125
f 2124/2124 2126/2126 2128/2128
f 2129/2129 2128/2128 2126/2126
f 2128/2128 2129/2129 2130/2130
f 2123/2123 2127/2127 2131/2131
f 2132/2132 2131/2131 2127/2127
f 2131/2131 2132/2132 2133/2133
f 2134/2134 2135/2135 2136/2136
f 2135/2135 2134/2134 2137/2137
f 2134/2134 2138/2138 2137/2137
f 2138/2138 2134/2134 2139/2139
f 2139/2139 2140/2140 2138/2138
f 2140/2140 2139/2139 2141/2141
f 2142/2142 2140/2140 2141/2141
f 2142/2142 2143/2143 2140/2140
f 2144/2144 2143/2143 2142/2142
f 2144/2144 2145/2145 2143/2143
f 2146/2146 2145/2145 2144/2144
f 2145/2145 2146/2146 2147/2147
f 2146/2146 2148/2148 2147/2147
f 2148/2148 2146/2146 2149/2149
f 2149/2149 2150/2150 2148/2148
f 2150/2150 2149/2149 2151/2151
f 2152/2152 2150/2150 2151/2151
f 2152/2152 2153/2153 2150/2150
f 2154/2154 2153/2153 2152/2152
f 2154/2154 2155/2155 2153/2153
f 2154/2154 2156/2156 2155/2155
f 2156/2156 2154/2154 2157/2157
f 2156/2156 2158/2158 2155/2155
f 2158/2158 2156/2156 2159/2159
f 2160/2160 2161/2161 2162/2162
f 2161/2161 2160/2160 2163/2163
f 2164/2164 2165/2165 2166/2166
f 2166/2166 2167/2167 2164/2164
f 2168/2168 2169/2169 2170/2170
f 2169/2169 2171/2171 2170/2170
f 2169/2169 2168/2168 2172/2172
f 2171/2171 2169/2169 2173/2173
f 2168/2168 2174/2174 2172/2172
f 2175/2175 2171/2171 2173/2173
f 2174/2174 2168/2168 2176/2176
f 2177/2177 2174/2174 2176/2176
f 2174/2174 2177/2177 2178/2178
f 2171/2171 2175/2175 2179/2179
f 2175/2175 2180/2180 2179/2179
f 2180/2180 2175/2175 2181/2181
f 2182/2182 2180/2180 2181/2181
f 2180/2180 2182/2182 2183/2183
f 2182/2182 2184/2184 2183/2183
f 2184/2184 2182/2182 2185/2185
f 2186/2186 2187/2187 2188/2188
f 2187/2187 2186/2186 2189/2189
f 2186/2186 2190/2190 2189/2189
f 2191/2191 2189/2189 2190/2190
f 2191/2191 2187/2187 2189/2189
f 2190/2190 2192/2192 2191/2191
f 2187/2187 2191/2191 2193/2193
f 2190/2190 2186/2186 2194/2194
f 2187/2187 2193/2193 2195/2195
f 2196/2196 2194/2194 2186/2186
f 2194/2194 2196/2196 2197/2197
f 2188/2188 2196/2196 2186/2186
f 2196/2196 2188/2188 2198/2198
f 2188/2188 2199/2199 2198/2198
f 2195/2195 2200/2200 2187/2187
f 2187/2187 2201/2201 2188/2188
f 2199/2199 2188/2188 2201/2201
f 2201/2201 2187/2187 2200/2200
f 2195/2195 2202/2202 2200/2200
f 2202/2202 2201/2201 2200/2200
f 2202/2202 2195/2195 2203/2203
f 2204/2204 2199/2199 2201/2201
f 2201/2201 2202/2202 2204/2204
f 2199/2199 2204/2204 2205/2205
f 2202/2202 2203/2203 2206/2206
f 2204/2204 2207/2207 2205/2205
f 2206/2206 2208/2208 2202/2202
f 2204/2204 2202/2202 2209/2209
f 2209/2209 2202/2202 2208/2208
f 2207/2207 2204/2204 2209/2209
f 2206/2206 2210/2210 2208/2208
f 2210/2210 2209/2209 2208/2208
f 2210/2210 2206/2206 2211/2211
f 2212/2212 2207/2207 2209/2209
f 2209/2209 2210/2210 2212/2212
f 2207/2207 2212/2212 2213/2213
f 2210/2210 2211/2211 2214/2214
f 2212/2212 2215/2215 2213/2213
f 2214/2214 2216/2216 2210/2210
f 2210/2210 2217/2217 2212/2212
f 2215/2215 2212/2212 2217/2217
f 2217/2217 2210/2210 2216/2216
f 2214/2214 2218/2218 2216/2216
f 2218/2218 2217/2217 2216/2216
f 2218/2218 2214/2214 2219/2219
f 2217/2217 2218/2218 2220/2220
f 2220/2220 2215/2215 2217/2217
f 2215/2215 2220/2220 2221/2221
f 2222/2222 2223/2223 2224/2224
f 2222/2222 2224/2224 2225/2225
f 2223/2223 2222/2222 2226/2226
f 2223/2223 2226/2226 2227/2227
f 2227/2227 2228/2228 2223/2223
f 2225/2225 2229/2229 2222/2222
f 2225/2225 2230/2230 2229/2229
f 2230/2230 2225/2225 2231/2231
f 2230/2230 2231/2231 2232/2232
f 2232/2232 2233/2233 2230/2230
f 2232/2232 2234/2234 2233/2233
f 2234/2234 2232/2232 2235/2235
f 2234/2234 2235/2235 2236/2236
f 2236/2236 2237/2237 2234/2234
f 2236/2236 2238/2238 2237/2237
f 2238/2238 2236/2236 2239/2239
f 2240/2240 2241/2241 2242/2242
f 2241/2241 2240/2240 2243/2243
f 2240/2240 2244/2244 2243/2243
f 2245/2245 2243/2243 2244/2244
f 2245/2245 2241/2241 2243/2243
f 2244/2244 2246/2246 2245/2245
f 2241/2241 2245/2245 2247/2247
f 2248/2248 2244/2244 2240/2240
f 2241/2241 2247/2247 2249/2249
f 2250/2250 2248/2248 2240/2240
f 2248/2248 2250/2250 2251/2251
f 2242/2242 2250/2250 2240/2240
f 2250/2250 2242/2242 2252/2252
f 2242/2242 2253/2253 2252/2252
f 2249/2249 2254/2254 2241/2241
f 2242/2242 2241/2241 2255/2255
f 2255/2255 2241/2241 2254/2254
f 2253/2253 2242/2242 2255/2255
f 2249/2249 2256/2256 2254/2254
f 2256/2256 2255/2255 2254/2254
f 2256/2256 2249/2249 2257/2257
f 2258/2258 2253/2253 2255/2255
f 2255/2255 2256/2256 2258/2258
f 2253/2253 2258/2258 2259/2259
f 2256/2256 2257/2257 2260/2260
f 2258/2258 2261/2261 2259/2259
f 2260/2260 2262/2262 2256/2256
f 2258/2258 2256/2256 2263/2263
f 2263/2263 2256/2256 2262/2262
f 2261/2261 2258/2258 2263/2263
f 2260/2260 2264/2264 2262/2262
f 2264/2264 2263/2263 2262/2262
f 2264/2264 2260/2260 2265/2265
f 2266/2266 2261/2261 2263/2263
f 2263/2263 2264/2264 2266/2266
f 2261/2261 2266/2266 2267/2267
f 2264/2264 2265/2265 2268/2268
f 2266/2266 2269/2269 2267/2267
f 2268/2268 2270/2270 2264/2264
f 2264/2264 2271/2271 2266/2266
f 2269/2269 2266/2266 2271/2271
f 2271/2271 2264/2264 2270/2270
f 2268/2268 2272/2272 2270/2270
f 2272/2272 2271/2271 2270/2270
f 2272/2272 2268/2268 2273/2273
f 2271/2271 2272/2272 2274/2274
f 2274/2274 2269/2269 2271/2271
f 2269/2269 2274/2274 2275/2275
f 2276/2276 2277/2277 2278/2278
f 2276/2276 2278/2278 2279/2279
f 2277/2277 2276/2276 2280/2280
f 2277/2277 2280/2280 2281/2281
f 2281/2281 2282/2282 2277/2277
f 2279/2279 2283/2283 2276/2276
f 2279/2279 2284/2284 2283/2283
f 2284/2284 2279/2279 2285/2285
f 2284/2284 2285/2285 2286/2286
f 2286/2286 2287/2287 2284/2284
f 2286/2286 2288/2288 2287/2287
f 2288/2288 2286/2286 2289/2289
f 2288/2288 2289/2289 2290/2290
f 2290/2290 2291/2291 2288/2288
f 2290/2290 2292/2292 2291/2291
f 2292/2292 2290/2290 2293/2293
f 2294/2294 2295/2295 2296/2296
f 2295/2295 2294/2294 2297/2297
f 2294/2294 2298/2298 2297/2297
f 2299/2299 2297/2297 2298/2298
f 2299/2299 2295/2295 2297/2297
f 2298/2298 2300/2300 2299/2299
f 2295/2295 2299/2299 2301/2301
f 2302/2302 2298/2298 2294/2294
f 2295/2295 2301/2301 2303/2303
f 2304/2304 2302/2302 2294/2294
f 2302/2302 2304/2304 2305/2305
f 2296/2296 2304/2304 2294/2294
f 2304/2304 2296/2296 2306/2306
f 2296/2296 2307/2307 2306/2306
f 2303/2303 2308/2308 2295/2295
f 2296/2296 2295/2295 2309/2309
f 2309/2309 2295/2295 2308/2308
f 2307/2307 2296/2296 2309/2309
f 2303/2303 2310/2310 2308/2308
f 2310/2310 2309/2309 2308/2308
f 2310/2310 2303/2303 2311/2311
f 2312/2312 2307/2307 2309/2309
f 2309/2309 2310/2310 2312/2312
f 2307/2307 2312/2312 2313/2313
f 2310/2310 2311/2311 2314/2314
f 2312/2312 2315/2315 2313/2313
f 2314/2314 2316/2316 2310/2310
f 2310/2310 2317/2317 2312/2312
f 2315/2315 2312/2312 2317/2317
f 2317/2317 2310/2310 2316/2316
f 2314/2314 2318/2318 2316/2316
f 2318/2318 2317/2317 2316/2316
f 2318/2318 2314/2314 2319/2319
f 2320/2320 2315/2315 2317/2317
f 2317/2317 2318/2318 2320/2320
f 2315/2315 2320/2320 2321/2321
f 2318/2318 2319/2319 2322/2322
f 2320/2320 2323/2323 2321/2321
f 2322/2322 2324/2324 2318/2318
f 2320/2320 2318/2318 2325/2325
f 2325/2325 2318/2318 2324/2324
f 2323/2323 2320/2320 2325/2325
f 2322/2322 2326/2326 2324/2324
f 2326/2326 2325/2325 2324/2324
f 2326/2326 2322/2322 2327/2327
f 2325/2325 2326/2326 2328/2328
f 2328/2328 2323/2323 2325/2325
f 2323/2323 2328/2328 2329/2329
